{"type":"FeatureCollection","features":[{"type":"Feature","properties":{"name":"Aleksis Kiven katu"},"geometry":{"type":"MultiLineString","coordinates":[[[24.936429,60.195445],[24.93687,60.195423],[24.936952,60.19542],[24.937285,60.195407],[24.937373,60.195403],[24.937537,60.195396],[24.937588,60.195392],[24.937632,60.195386],[24.937673,60.195375],[24.937732,60.195352],[24.938285,60.195123],[24.938393,60.195077],[24.938443,60.195055],[24.939826,60.194475],[24.93991,60.194441],[24.939991,60.194408],[24.940069,60.194376],[24.940609,60.194149],[24.940896,60.194029],[24.940953,60.194005],[24.941033,60.193968],[24.941108,60.193938],[24.941175,60.193908],[24.941758,60.193668],[24.941816,60.193644]],[[24.935923,60.19551],[24.936119,60.195481],[24.936223,60.195464],[24.936429,60.195445]],[[24.935923,60.19551],[24.935732,60.195501]],[[24.941816,60.193644],[24.941926,60.193601],[24.94201,60.193565],[24.942033,60.193556]],[[24.942033,60.193556],[24.942527,60.193345],[24.942951,60.193165],[24.943005,60.193142]],[[24.943005,60.193142],[24.943029,60.193132],[24.943103,60.1931],[24.94318,60.193067],[24.943199,60.19306]],[[24.943199,60.19306],[24.943365,60.192992],[24.943908,60.192764],[24.944075,60.192691],[24.944206,60.192638],[24.944311,60.192596],[24.944488,60.192527],[24.944571,60.192494],[24.945979,60.191903],[24.946075,60.191861],[24.946167,60.191822],[24.94628,60.191774],[24.946366,60.191738],[24.946741,60.19158],[24.946811,60.191551],[24.947162,60.191404],[24.947608,60.191216],[24.948036,60.191036],[24.948248,60.190947],[24.948594,60.190806],[24.948665,60.190779]],[[24.948665,60.190779],[24.948773,60.190766],[24.948835,60.19076]],[[24.948835,60.19076],[24.949109,60.190644],[24.949139,60.190631]],[[24.949139,60.190631],[24.949181,60.190614],[24.949196,60.190607],[24.949238,60.19059],[24.949297,60.190566]],[[24.949297,60.190566],[24.949418,60.190519]],[[24.949418,60.190519],[24.949628,60.190445]],[[24.949628,60.190445],[24.949796,60.190377],[24.950136,60.190237]],[[24.943521,60.193229],[24.943495,60.193239],[24.943462,60.193254],[24.943399,60.193281],[24.943332,60.193309],[24.943319,60.193314]],[[24.943319,60.193314],[24.943245,60.193343],[24.942949,60.193468],[24.942822,60.193521],[24.942514,60.193647]],[[24.942514,60.193647],[24.942435,60.19368],[24.942201,60.193775],[24.942045,60.193839],[24.941909,60.193895],[24.941868,60.193911],[24.941849,60.193919],[24.941387,60.194107],[24.94124,60.194168],[24.940958,60.194289],[24.940932,60.1943],[24.940876,60.194323],[24.940569,60.194457],[24.940391,60.194531]],[[24.940391,60.194531],[24.940277,60.19458],[24.940121,60.194647],[24.939895,60.194741],[24.939866,60.194753],[24.939843,60.194763],[24.939385,60.19496],[24.939285,60.195003],[24.93912,60.195073],[24.939049,60.195104],[24.938992,60.195129],[24.938878,60.195178],[24.938695,60.195257],[24.938647,60.195279],[24.938597,60.195301],[24.938291,60.195425],[24.937844,60.195606],[24.937791,60.195624],[24.937734,60.19564],[24.937671,60.195651],[24.937605,60.19566],[24.937516,60.195667],[24.93743,60.195671],[24.937339,60.195675]],[[24.937339,60.195675],[24.937128,60.195683]],[[24.937128,60.195683],[24.936858,60.195693],[24.936489,60.195709],[24.936395,60.195712]],[[24.936395,60.195712],[24.936153,60.195693],[24.935931,60.195679],[24.935734,60.195666]],[[24.949515,60.190506],[24.949624,60.190453],[24.949796,60.190377],[24.950136,60.190237],[24.950162,60.190226],[24.950212,60.190206],[24.950412,60.190129],[24.950475,60.190104],[24.950798,60.18999],[24.950997,60.189926],[24.951136,60.189883],[24.951261,60.189846],[24.951376,60.189814],[24.95143,60.189799],[24.951662,60.189737],[24.951898,60.189679],[24.95227,60.189602],[24.952511,60.189556],[24.952555,60.189547]],[[24.952511,60.189556],[24.952555,60.189547],[24.952628,60.189532],[24.952786,60.189506],[24.952894,60.189487]],[[24.952894,60.189487],[24.952911,60.189484],[24.953126,60.189447],[24.953566,60.1894],[24.953759,60.189383]],[[24.953759,60.189383],[24.95383,60.189377],[24.95418,60.18935],[24.954224,60.189347],[24.954732,60.189326],[24.955024,60.189319]],[[24.955024,60.189319],[24.955259,60.189315],[24.955394,60.189315],[24.955606,60.189314]],[[24.955606,60.189314],[24.955688,60.189314],[24.955836,60.189315]],[[24.955836,60.189315],[24.956115,60.189313],[24.956417,60.189314],[24.957738,60.189316],[24.957886,60.189316],[24.957991,60.189316]],[[24.957991,60.189316],[24.958403,60.189318]],[[24.958403,60.189318],[24.958604,60.189319]],[[24.958604,60.189319],[24.958662,60.189319],[24.958879,60.189321],[24.959124,60.189322],[24.959185,60.189323]],[[24.959185,60.189323],[24.959356,60.189323],[24.959421,60.189324],[24.959499,60.189324],[24.960908,60.189327]],[[24.960908,60.189327],[24.960992,60.189327],[24.96119,60.189328],[24.96125,60.189328],[24.961403,60.189328]],[[24.961403,60.189328],[24.96187,60.189326]],[[24.96187,60.189326],[24.962012,60.189326],[24.962246,60.18935]],[[24.949298,60.190739],[24.949006,60.190863]],[[24.949006,60.190863],[24.948964,60.190936],[24.94894,60.190958]],[[24.94894,60.190958],[24.948441,60.191165],[24.948332,60.19121],[24.947972,60.191358],[24.947892,60.191391],[24.94751,60.191548],[24.947089,60.191722],[24.946652,60.191908],[24.946451,60.191994],[24.94627,60.192072],[24.94616,60.192119],[24.945829,60.192258],[24.945687,60.192319],[24.944602,60.192776],[24.944383,60.192868],[24.944217,60.19294],[24.944188,60.192952],[24.943678,60.19316],[24.943521,60.193229]],[[24.963911,60.189168],[24.96376,60.189188],[24.963679,60.1892],[24.962949,60.189302]],[[24.962949,60.189302],[24.962728,60.189327],[24.962522,60.189341],[24.962246,60.18935]],[[24.962246,60.18935],[24.962086,60.1894]],[[24.962086,60.1894],[24.962021,60.189408],[24.961973,60.189412],[24.961453,60.189451]],[[24.961453,60.189451],[24.961246,60.189456],[24.961185,60.189456],[24.960489,60.189453]],[[24.960489,60.189453],[24.959738,60.189449],[24.959496,60.189448]],[[24.959496,60.189448],[24.959402,60.189447]],[[24.959402,60.189447],[24.959211,60.189446],[24.958952,60.189444],[24.958664,60.189442],[24.958613,60.189442]],[[24.958613,60.189442],[24.9578,60.189439],[24.95719,60.189439],[24.957019,60.189439]],[[24.957019,60.189439],[24.956177,60.189441],[24.955924,60.18944]],[[24.955924,60.18944],[24.955685,60.189439],[24.955372,60.189437]],[[24.955372,60.189437],[24.955104,60.189438],[24.954719,60.189443]],[[24.954719,60.189443],[24.954465,60.189451],[24.954208,60.189466],[24.954071,60.189474]],[[24.954071,60.189474],[24.953761,60.189501],[24.953214,60.189568],[24.953092,60.189581],[24.952871,60.18961]],[[24.952871,60.18961],[24.952678,60.18965],[24.952638,60.18966],[24.952533,60.189681]],[[24.952533,60.189681],[24.952179,60.189755],[24.951915,60.189815],[24.951721,60.18986]],[[24.951721,60.18986],[24.951644,60.189879],[24.951561,60.1899],[24.951494,60.189918],[24.951234,60.189994]],[[24.951234,60.189994],[24.951041,60.190058],[24.950936,60.190092],[24.950732,60.190166],[24.950578,60.190221]],[[24.950578,60.190221],[24.950385,60.190298],[24.950163,60.190387]],[[24.950163,60.190387],[24.949931,60.190483],[24.949669,60.190586],[24.94954,60.190637],[24.949435,60.190681]],[[24.949435,60.190681],[24.949396,60.190698],[24.949354,60.190715],[24.949298,60.190739]]]}},{"type":"Feature","properties":{"name":"Arkadiankatu"},"geometry":{"type":"MultiLineString","coordinates":[[[24.916399,60.171277],[24.91619,60.171202]],[[24.918592,60.171448],[24.917209,60.171345],[24.916399,60.171277]],[[24.918798,60.171464],[24.918675,60.171455],[24.918592,60.171448]],[[24.919307,60.171505],[24.918798,60.171464]],[[24.919415,60.171515],[24.919307,60.171505]],[[24.919927,60.171559],[24.919415,60.171515]],[[24.920137,60.171574],[24.920019,60.171565],[24.919927,60.171559]],[[24.920471,60.171567],[24.920337,60.17157],[24.920285,60.171571],[24.920137,60.171574]],[[24.920471,60.171567],[24.920621,60.171521],[24.920656,60.17151]],[[24.920656,60.17151],[24.921433,60.171461],[24.921536,60.171454],[24.921656,60.171446],[24.923169,60.171343],[24.923837,60.1713],[24.923926,60.171284]],[[24.923926,60.171284],[24.923999,60.171282],[24.924028,60.171281],[24.924088,60.171287]],[[24.924088,60.171287],[24.924264,60.171279],[24.924339,60.171265],[24.924404,60.17124],[24.924462,60.171208]],[[24.924462,60.171208],[24.92457,60.171206],[24.924718,60.171205],[24.92485,60.171207]],[[24.924088,60.171287],[24.923939,60.171361]],[[24.923939,60.171361],[24.923831,60.171368]],[[24.923831,60.171368],[24.923614,60.17138]],[[24.923614,60.17138],[24.923279,60.1714]],[[24.923279,60.1714],[24.923185,60.171406],[24.923004,60.171417]],[[24.923004,60.171417],[24.922767,60.171431]],[[24.922767,60.171431],[24.922384,60.171453]],[[24.922384,60.171453],[24.922206,60.171464]],[[24.922206,60.171464],[24.922008,60.171476]],[[24.922008,60.171476],[24.921757,60.171491]],[[24.921757,60.171491],[24.921546,60.171503],[24.921501,60.171506]],[[24.921501,60.171506],[24.921446,60.171509],[24.921404,60.171512]],[[24.921404,60.171512],[24.921145,60.171528],[24.920835,60.171545],[24.92076,60.17155]],[[24.92076,60.17155],[24.920708,60.171553],[24.920609,60.171559],[24.920471,60.171567]],[[24.936477,60.171352],[24.936339,60.171323],[24.936069,60.171288],[24.935974,60.171276],[24.935886,60.171265],[24.935818,60.171255],[24.935691,60.171236],[24.935565,60.171224]],[[24.935565,60.171224],[24.935323,60.171222],[24.935224,60.171222],[24.935102,60.17122],[24.934957,60.171219],[24.934904,60.171208],[24.934832,60.171208],[24.934773,60.171208],[24.934621,60.171207],[24.934264,60.171206],[24.933257,60.171204],[24.93314,60.171205],[24.93302,60.1712],[24.932666,60.171203]],[[24.932666,60.171203],[24.932469,60.171202],[24.932044,60.1712],[24.931914,60.171201],[24.931857,60.171195]],[[24.931857,60.171195],[24.931805,60.171187],[24.931562,60.171185],[24.931477,60.171198],[24.930785,60.171201],[24.930703,60.1712],[24.930628,60.171166],[24.9306,60.17115]],[[24.9306,60.17115],[24.930626,60.171132],[24.930697,60.171079],[24.930732,60.171083],[24.93147,60.171077]],[[24.93147,60.171077],[24.931597,60.171078]],[[24.931597,60.171078],[24.931724,60.17108],[24.931949,60.171079],[24.932275,60.171073],[24.932301,60.171071],[24.932412,60.171061],[24.932558,60.171045],[24.932633,60.171042]],[[24.932633,60.171042],[24.93269,60.171044]],[[24.93269,60.171044],[24.932781,60.171045],[24.932917,60.17105],[24.932936,60.17105]],[[24.932936,60.17105],[24.933394,60.171075],[24.933446,60.171075],[24.934262,60.171079],[24.934631,60.171081],[24.935033,60.171083],[24.93521,60.171083],[24.935712,60.171085],[24.935771,60.171084],[24.935837,60.171083],[24.935963,60.171114]],[[24.935963,60.171114],[24.936138,60.171083]]]}},{"type":"Feature","properties":{"name":"Asema-aukio - Linnunlaulu - Helsinginkatu"},"geometry":{"type":"MultiLineString","coordinates":[[[24.93858,60.172889],[24.938619,60.172852],[24.938631,60.172828],[24.938645,60.172804],[24.938671,60.172746],[24.938691,60.172677],[24.938769,60.17236],[24.938803,60.172184],[24.938807,60.172173],[24.938828,60.172115],[24.938843,60.172066],[24.938908,60.171786],[24.93898,60.171504],[24.939014,60.171376],[24.939017,60.171366],[24.939037,60.17129],[24.939048,60.171262],[24.93908,60.17118],[24.939104,60.171128],[24.939123,60.171076]],[[24.938322,60.174474],[24.93833,60.174443],[24.938348,60.174383],[24.938485,60.173047],[24.938491,60.173021],[24.938499,60.17299],[24.938505,60.172981],[24.938531,60.172936],[24.93858,60.172889]],[[24.938274,60.174655],[24.938299,60.174558],[24.938322,60.174474]],[[24.938248,60.175072],[24.938251,60.175038],[24.938286,60.174742],[24.938287,60.174707],[24.938285,60.174682],[24.938274,60.174655]],[[24.938242,60.175118],[24.938248,60.175072]],[[24.938231,60.175261],[24.938242,60.175118]],[[24.938266,60.179089],[24.938276,60.179039],[24.938294,60.178923],[24.938226,60.178163],[24.938196,60.178013],[24.938156,60.177893],[24.938104,60.177782],[24.938058,60.177705],[24.93797,60.177546],[24.937966,60.177453],[24.937972,60.177338],[24.937968,60.177266],[24.937948,60.177178],[24.937925,60.177129],[24.937894,60.177063],[24.937881,60.177026],[24.937866,60.176983],[24.937865,60.176969],[24.937867,60.176952],[24.937879,60.176934],[24.937897,60.176919],[24.938048,60.176845],[24.93806,60.176839],[24.938067,60.176832],[24.93807,60.176824],[24.938085,60.17666],[24.938106,60.176462],[24.938108,60.176437],[24.93811,60.17642],[24.938129,60.176227],[24.938136,60.176172],[24.938151,60.176018],[24.938191,60.175649],[24.938208,60.175509],[24.938228,60.175296],[24.938231,60.175261]],[[24.938266,60.179089],[24.938273,60.17914],[24.938296,60.1793]],[[24.938296,60.1793],[24.938313,60.179435],[24.938309,60.179547],[24.938297,60.179653],[24.938268,60.179784],[24.938223,60.179901],[24.938155,60.180035],[24.938072,60.18016],[24.937964,60.18029],[24.937835,60.180439]],[[24.937835,60.180439],[24.937763,60.180544],[24.937745,60.180648],[24.937722,60.180754],[24.937675,60.180845]],[[24.937675,60.180845],[24.937578,60.180898],[24.937475,60.180957],[24.937352,60.181034],[24.937261,60.181157],[24.937191,60.181286],[24.93715,60.181353],[24.937102,60.181443],[24.937096,60.181495]],[[24.937096,60.181495],[24.9371,60.18155],[24.93708,60.181606],[24.937029,60.181698],[24.936983,60.1818],[24.936965,60.181917],[24.93696,60.181951],[24.936983,60.181998],[24.93701,60.182029],[24.937084,60.182077],[24.937132,60.182101],[24.93717,60.182138]],[[24.936889,60.182268],[24.937088,60.1822],[24.937114,60.182187],[24.93717,60.182138]],[[24.936078,60.183135],[24.936182,60.182929],[24.936292,60.182747],[24.936403,60.182601],[24.936419,60.182578],[24.936506,60.182502],[24.936529,60.182482],[24.936561,60.182451],[24.936745,60.182327],[24.936889,60.182268]],[[24.936134,60.184011],[24.936099,60.183945],[24.936008,60.183789],[24.935971,60.18369],[24.935957,60.183624],[24.935942,60.183461],[24.93598,60.18333],[24.936078,60.183135]],[[24.936291,60.184446],[24.936297,60.184322],[24.936134,60.184011]],[[24.936043,60.185045],[24.936272,60.184538],[24.936291,60.184446]],[[24.935995,60.18515],[24.936025,60.185085],[24.936043,60.185045]]]}},{"type":"Feature","properties":{"name":"Caloniuksenkatu"},"geometry":{"type":"MultiLineString","coordinates":[[[24.919423,60.173583],[24.919451,60.173642],[24.919494,60.173692]],[[24.919494,60.173692],[24.919573,60.173748]],[[24.919573,60.173748],[24.919703,60.17377],[24.921139,60.174644],[24.92119,60.174673],[24.921401,60.174809],[24.92143,60.174875]],[[24.92157,60.175093],[24.921452,60.175046],[24.921165,60.174877],[24.920806,60.174661],[24.920575,60.174518],[24.919641,60.173957],[24.919529,60.173926],[24.919374,60.173897]],[[24.919374,60.173897],[24.919273,60.173878],[24.919216,60.173867],[24.918976,60.173836],[24.918874,60.173794]],[[24.919216,60.173867],[24.919139,60.17384],[24.919087,60.173813],[24.919045,60.173778],[24.919025,60.173744]]]}},{"type":"Feature","properties":{"name":"Capellan puistotie"},"geometry":{"type":"MultiLineString","coordinates":[[[24.981582,60.182629],[24.981637,60.182629],[24.981686,60.182643]],[[24.981743,60.18268],[24.981721,60.182658],[24.981686,60.182643]],[[24.982605,60.184898],[24.982617,60.184811],[24.982628,60.18466],[24.982625,60.184615],[24.982484,60.184294],[24.982458,60.18424],[24.98243,60.184179],[24.982287,60.183869],[24.982205,60.183691],[24.982177,60.183626],[24.982157,60.183583],[24.982018,60.183281],[24.981992,60.183221],[24.981967,60.183165],[24.981763,60.18271],[24.981743,60.18268]],[[24.982352,60.1861],[24.982363,60.186053],[24.982552,60.185175],[24.982594,60.184984],[24.982605,60.184898]],[[24.982193,60.186802],[24.982238,60.186607],[24.982336,60.18617],[24.982352,60.1861]],[[24.982065,60.187416],[24.982079,60.187352],[24.982083,60.187335],[24.982193,60.186802]],[[24.982065,60.187416],[24.982131,60.187428],[24.982186,60.187449],[24.982227,60.187477],[24.982249,60.18751],[24.982249,60.187545],[24.982231,60.187576],[24.982196,60.187603],[24.982148,60.187624],[24.982089,60.187638],[24.982025,60.187643]],[[24.982025,60.187643],[24.982005,60.187687]],[[24.982005,60.187687],[24.982072,60.187741],[24.982102,60.187836],[24.981974,60.188429],[24.981966,60.188469],[24.981896,60.188806],[24.98189,60.188838],[24.981674,60.189819],[24.981661,60.189889],[24.981541,60.189939]],[[24.981541,60.189939],[24.981472,60.189887],[24.981451,60.189853],[24.981418,60.189787],[24.981415,60.189759],[24.981621,60.188823],[24.981628,60.18879],[24.981692,60.188492],[24.981701,60.188452]],[[24.981701,60.188452],[24.981789,60.188048]],[[24.981789,60.188048],[24.981793,60.188025],[24.981796,60.188012],[24.9818,60.187993]],[[24.9818,60.187993],[24.981835,60.187834],[24.981928,60.187726],[24.982005,60.187687]],[[24.982025,60.187643],[24.981962,60.187639],[24.981903,60.187626],[24.981853,60.187606]],[[24.981853,60.187606],[24.981814,60.187578],[24.981794,60.187546],[24.981794,60.187511],[24.981814,60.187479],[24.981852,60.187452],[24.981903,60.187431],[24.981954,60.187419],[24.982009,60.187414],[24.982065,60.187416]]]}},{"type":"Feature","properties":{"name":"Eiranranta"},"geometry":{"type":"MultiLineString","coordinates":[[[24.934909,60.155097],[24.934809,60.155056],[24.934677,60.155013],[24.934607,60.154996],[24.934505,60.154976],[24.93407,60.154908],[24.933933,60.154886],[24.9316,60.154515]],[[24.9316,60.154515],[24.931349,60.154489]],[[24.931349,60.154489],[24.931156,60.154471],[24.93002,60.154294],[24.929809,60.154245],[24.929747,60.154231],[24.929561,60.154113]],[[24.929561,60.154113],[24.929778,60.15415],[24.929966,60.154167],[24.930059,60.154182],[24.930138,60.154194],[24.931227,60.154365],[24.931418,60.154393]],[[24.931418,60.154393],[24.931657,60.154427],[24.931668,60.154434],[24.933981,60.154804],[24.934809,60.154936],[24.934935,60.154975],[24.935002,60.154994],[24.935067,60.155009]]]}},{"type":"Feature","properties":{"name":"Hakamäentie"},"geometry":{"type":"MultiLineString","coordinates":[[[24.936371,60.206834],[24.936275,60.206868],[24.936204,60.206891],[24.936127,60.206916],[24.936087,60.206928],[24.936039,60.206937],[24.93599,60.206942],[24.93594,60.206944],[24.935895,60.206943],[24.935856,60.206941],[24.935808,60.206937],[24.935763,60.20693],[24.935714,60.20692],[24.935653,60.206908],[24.935135,60.206703],[24.93491,60.20663],[24.934781,60.206596],[24.934621,60.206571],[24.93449,60.206562],[24.934372,60.20656]],[[24.934372,60.20656],[24.933775,60.206562],[24.933249,60.206581],[24.93202,60.206646],[24.930967,60.206733],[24.930078,60.206811]],[[24.930078,60.206811],[24.92968,60.206893],[24.929592,60.206915]],[[24.929592,60.206915],[24.929165,60.206962],[24.92913,60.206963],[24.928899,60.20695],[24.928792,60.206954]],[[24.928792,60.206954],[24.928292,60.207009],[24.928161,60.207028],[24.928075,60.20705]],[[24.928075,60.20705],[24.928038,60.207065],[24.928017,60.207075],[24.927943,60.207109],[24.92788,60.207155],[24.927862,60.207189],[24.927858,60.207225],[24.92787,60.207259],[24.927906,60.207295],[24.927937,60.207314],[24.927987,60.207333],[24.928153,60.207377],[24.928222,60.207409],[24.928251,60.207444],[24.928264,60.207492],[24.928248,60.207533],[24.928206,60.207574],[24.928146,60.207593],[24.928018,60.207617],[24.927796,60.207646]],[[24.927796,60.207646],[24.92739,60.207695]],[[24.92739,60.207695],[24.927222,60.207715],[24.92714,60.207716],[24.927112,60.207695],[24.927064,60.207662],[24.927012,60.207611],[24.926968,60.207551]],[[24.926968,60.207551],[24.926968,60.207516],[24.926986,60.207467],[24.927045,60.20733],[24.927048,60.207301],[24.92703,60.207265],[24.926991,60.207225],[24.926936,60.207197],[24.926872,60.207178],[24.926814,60.207171],[24.926723,60.207181]],[[24.926723,60.207181],[24.925203,60.207378]],[[24.925203,60.207378],[24.924565,60.207467],[24.924301,60.207531],[24.924123,60.207557],[24.924041,60.207558],[24.923806,60.207578],[24.923369,60.207648]],[[24.923369,60.207648],[24.920101,60.208272],[24.919537,60.208375]],[[24.919537,60.208375],[24.919445,60.208405],[24.919384,60.208439],[24.919049,60.208505],[24.918756,60.208559],[24.918629,60.208582]],[[24.918629,60.208582],[24.918333,60.208633],[24.918188,60.208672],[24.918045,60.208732],[24.918003,60.208757]],[[24.918003,60.208757],[24.917821,60.208853],[24.917708,60.208908],[24.917617,60.208952],[24.917523,60.208989],[24.917408,60.209025],[24.917325,60.209048],[24.917223,60.209071],[24.917089,60.209092],[24.916869,60.209119],[24.916756,60.209133],[24.916646,60.209149],[24.916576,60.209162],[24.916425,60.209198],[24.915915,60.209348],[24.915823,60.209364],[24.91574,60.20937],[24.915662,60.209366]],[[24.915662,60.209366],[24.915568,60.209344],[24.915522,60.209322],[24.915472,60.209296],[24.915431,60.209269],[24.915399,60.20924],[24.915373,60.209209],[24.915333,60.209136],[24.915306,60.209101],[24.915278,60.209074],[24.915239,60.209049],[24.91519,60.20903],[24.915125,60.209018],[24.915053,60.209011],[24.914952,60.209007],[24.914251,60.209009],[24.913844,60.209009],[24.913454,60.209002],[24.913079,60.208992],[24.9127,60.208976],[24.912432,60.208956],[24.912149,60.208927],[24.911547,60.208851],[24.911158,60.208801]],[[24.911158,60.208801],[24.909382,60.208603]],[[24.909382,60.208603],[24.908526,60.208532],[24.907538,60.208457],[24.907156,60.208437],[24.906763,60.208419],[24.906343,60.208396],[24.90567,60.20836],[24.904237,60.208287],[24.904119,60.208283],[24.904053,60.208286],[24.903975,60.208294],[24.903881,60.208309]],[[24.903881,60.208309],[24.903782,60.208283],[24.903716,60.208267],[24.903696,60.208264],[24.903683,60.208264],[24.903634,60.208264],[24.90358,60.208264]],[[24.90358,60.208264],[24.903554,60.208265],[24.903523,60.208261],[24.90349,60.208254],[24.903336,60.208212],[24.903241,60.208203]],[[24.903241,60.208203],[24.902842,60.208194],[24.90228,60.208181],[24.90185,60.208171],[24.900382,60.20817],[24.899598,60.2082],[24.899564,60.208204]],[[24.899564,60.208204],[24.898781,60.208318]],[[24.898781,60.208318],[24.897791,60.208356],[24.897506,60.208328],[24.897368,60.208323],[24.897196,60.208326],[24.897008,60.20834],[24.896565,60.208379],[24.895847,60.208465],[24.895613,60.208512],[24.895422,60.208562]],[[24.895422,60.208562],[24.895342,60.208542],[24.89528,60.208526],[24.895213,60.208516],[24.895164,60.208509],[24.895139,60.208511],[24.89505,60.208518],[24.894907,60.208532],[24.894826,60.20854]],[[24.894826,60.20854],[24.89461,60.208566],[24.893277,60.208763],[24.892622,60.208858],[24.891938,60.208958],[24.891669,60.209],[24.891627,60.20902],[24.891618,60.209042],[24.891607,60.209075]],[[24.890047,60.208873],[24.890417,60.208785],[24.890672,60.208746],[24.890758,60.208733],[24.891728,60.208612],[24.891795,60.208599]],[[24.891795,60.208599],[24.891844,60.208592],[24.891924,60.208582],[24.891993,60.208573],[24.892022,60.208569],[24.892086,60.208561],[24.892173,60.20855]],[[24.892173,60.20855],[24.892312,60.208543],[24.892431,60.20854],[24.892583,60.208528],[24.892734,60.208503],[24.892886,60.208454],[24.892973,60.208435],[24.893127,60.208408],[24.894417,60.208224],[24.894679,60.208186],[24.894752,60.208175]],[[24.894752,60.208175],[24.895043,60.208134],[24.895403,60.208082],[24.895575,60.208054],[24.895718,60.208027],[24.896152,60.207939]],[[24.896152,60.207939],[24.896286,60.207913],[24.89644,60.207893]],[[24.89644,60.207893],[24.897343,60.207805]],[[24.897343,60.207805],[24.897511,60.207786],[24.897714,60.207766]],[[24.897714,60.207766],[24.898687,60.207743],[24.898744,60.207742]],[[24.898744,60.207742],[24.899583,60.207806]],[[24.899583,60.207806],[24.899648,60.207815],[24.899754,60.207824],[24.901184,60.207815],[24.901292,60.207856],[24.901372,60.207856],[24.901528,60.207858]],[[24.901528,60.207858],[24.901655,60.207858]],[[24.901655,60.207858],[24.901746,60.207886],[24.901799,60.207897],[24.90184,60.2079],[24.903108,60.207926],[24.903279,60.207916]],[[24.903279,60.207916],[24.903602,60.207879],[24.903685,60.207874],[24.903775,60.207873],[24.904174,60.207879],[24.90436,60.207878]],[[24.90436,60.207878],[24.904447,60.20788],[24.904506,60.207883],[24.904539,60.207884],[24.904607,60.207887],[24.90465,60.207889],[24.904778,60.207897],[24.904857,60.207902]],[[24.904857,60.207902],[24.904985,60.207912],[24.905014,60.207915]],[[24.905014,60.207915],[24.905272,60.207931],[24.905634,60.207954],[24.905871,60.207967],[24.907243,60.208056]],[[24.907243,60.208056],[24.908244,60.208115],[24.908507,60.208126],[24.909053,60.208149]],[[24.909053,60.208149],[24.909324,60.20816],[24.909702,60.20817]],[[24.909702,60.20817],[24.909837,60.20816]],[[24.897714,60.207766],[24.898009,60.20772],[24.8984,60.20766],[24.898691,60.207615],[24.89874,60.207607],[24.898845,60.207592]],[[24.897714,60.207766],[24.898009,60.20772],[24.8984,60.20766],[24.898691,60.207615],[24.89874,60.207607],[24.898845,60.207592]],[[24.898855,60.208333],[24.898787,60.208296],[24.898719,60.208275],[24.898649,60.208266],[24.898563,60.208268],[24.897708,60.208305],[24.897506,60.208328]],[[24.90185,60.208171],[24.901567,60.208134],[24.899629,60.208137]],[[24.899615,60.207862],[24.899672,60.207868],[24.900121,60.207861],[24.900653,60.207858],[24.901292,60.207856]]]}},{"type":"Feature","properties":{"name":"Helsinginkatu"},"geometry":{"type":"MultiLineString","coordinates":[[[24.961733,60.187768],[24.961604,60.187753],[24.961479,60.187715]],[[24.961479,60.187715],[24.961429,60.187713],[24.96028,60.187664],[24.960199,60.187661]],[[24.960199,60.187661],[24.960005,60.187649],[24.959693,60.187626],[24.959461,60.187605],[24.958744,60.187543],[24.95857,60.187528],[24.957874,60.187468]],[[24.957874,60.187468],[24.957538,60.187439],[24.957482,60.187434]],[[24.957482,60.187434],[24.957369,60.187424],[24.957165,60.187407],[24.956468,60.187346]],[[24.956468,60.187346],[24.95631,60.187333],[24.956107,60.187314],[24.955881,60.187295],[24.955827,60.18729]],[[24.955827,60.18729],[24.955386,60.187253],[24.954582,60.187187],[24.954383,60.187171]],[[24.954383,60.187171],[24.954064,60.187144]],[[24.954064,60.187144],[24.953543,60.187103],[24.953402,60.187092],[24.953159,60.187072]],[[24.953159,60.187072],[24.953101,60.187067],[24.952977,60.18706],[24.952789,60.187049],[24.952591,60.187039],[24.951787,60.186997],[24.951692,60.186994],[24.95156,60.186977]],[[24.95156,60.186977],[24.951487,60.186958],[24.951427,60.186931],[24.951193,60.18681],[24.951084,60.186754],[24.951072,60.186748]],[[24.951072,60.186748],[24.950925,60.186693]],[[24.950925,60.186693],[24.95088,60.186682]],[[24.95088,60.186682],[24.950837,60.186691],[24.950686,60.186696]],[[24.950686,60.186696],[24.950585,60.186676],[24.950479,60.186664],[24.950347,60.186655],[24.949482,60.186635],[24.949108,60.186631],[24.948998,60.186629]],[[24.948998,60.186629],[24.948965,60.18662],[24.948896,60.18659],[24.948872,60.186574]],[[24.948872,60.186574],[24.948772,60.186578],[24.94865,60.186579]],[[24.94865,60.186579],[24.948499,60.186578],[24.948427,60.186578],[24.948407,60.186578],[24.948295,60.186577],[24.948121,60.186574],[24.94807,60.186573]],[[24.94807,60.186573],[24.947632,60.18656]],[[24.947632,60.18656],[24.947409,60.186553],[24.947172,60.186545],[24.946965,60.186523],[24.946788,60.186504],[24.946623,60.186491],[24.946608,60.186491]],[[24.946608,60.186491],[24.946493,60.186526]],[[24.946493,60.186526],[24.946198,60.186518],[24.945613,60.186505],[24.945133,60.186493],[24.944485,60.186476],[24.944042,60.186458],[24.943684,60.186441],[24.9433,60.186404],[24.942592,60.186301],[24.942135,60.186238],[24.942015,60.186228],[24.941876,60.186215],[24.941809,60.186206],[24.941524,60.186164],[24.941091,60.186094]],[[24.941091,60.186094],[24.940985,60.186075]],[[24.940985,60.186075],[24.940853,60.186089]],[[24.940853,60.186089],[24.940601,60.186115],[24.940447,60.18613]],[[24.940447,60.18613],[24.940294,60.186088],[24.940104,60.18604],[24.939939,60.186004],[24.939753,60.185969],[24.937904,60.185698],[24.937714,60.185679],[24.937573,60.18568]],[[24.937573,60.18568],[24.937391,60.185682],[24.93726,60.185672],[24.937082,60.185648],[24.936032,60.185488],[24.9357,60.18542],[24.935551,60.185406],[24.935425,60.185404]],[[24.935425,60.185404],[24.935008,60.185434],[24.934777,60.185436],[24.934676,60.18543],[24.934396,60.185402]],[[24.934396,60.185402],[24.934283,60.18537],[24.934137,60.185348],[24.93409,60.185346]],[[24.93409,60.185346],[24.93396,60.185343]],[[24.93396,60.185343],[24.933833,60.185273]],[[24.933833,60.185273],[24.933315,60.18518]],[[24.933315,60.18518],[24.932118,60.184966]],[[24.932118,60.184966],[24.931918,60.184881]],[[24.931918,60.184881],[24.931799,60.184849],[24.931781,60.184786],[24.931692,60.184519],[24.931611,60.184312],[24.931584,60.184224],[24.931568,60.184205]],[[24.931568,60.184205],[24.931572,60.184158],[24.93156,60.18413],[24.93154,60.184066]],[[24.93154,60.184066],[24.931523,60.184018],[24.931493,60.18394],[24.931443,60.18386]],[[24.931443,60.18386],[24.931441,60.183845],[24.931433,60.183824],[24.931238,60.183409],[24.931201,60.18334],[24.931163,60.183282],[24.931112,60.183223],[24.93105,60.183174],[24.930972,60.18312],[24.93087,60.183076],[24.930756,60.183038],[24.930622,60.183004],[24.930386,60.182949],[24.930204,60.182917],[24.93003,60.182883],[24.929858,60.182834]],[[24.929858,60.182834],[24.929814,60.182811],[24.929673,60.182761],[24.929608,60.182731],[24.929416,60.182643],[24.929317,60.182608]],[[24.929317,60.182608],[24.929226,60.182577],[24.928757,60.182435],[24.927923,60.182184],[24.927686,60.182064],[24.927614,60.18198]],[[24.927614,60.18198],[24.927495,60.181936],[24.927369,60.181887]],[[24.927369,60.181887],[24.927279,60.181839],[24.927243,60.181815],[24.927166,60.18176]],[[24.93396,60.185343],[24.933846,60.185343]],[[24.946607,60.186395],[24.946631,60.186396],[24.946801,60.186404],[24.946979,60.18641],[24.947027,60.186412]],[[24.947027,60.186412],[24.947172,60.186369]],[[24.947172,60.186369],[24.947513,60.186373],[24.947846,60.186383],[24.948138,60.186396],[24.94819,60.186392],[24.948231,60.186388],[24.948262,60.186386],[24.948319,60.186386],[24.948454,60.18639],[24.948667,60.186396],[24.94889,60.186402],[24.949129,60.186407],[24.949291,60.186412],[24.949547,60.186419],[24.949893,60.186434],[24.950403,60.18645],[24.950619,60.186459]],[[24.950619,60.186459],[24.950711,60.186487],[24.950788,60.186523]],[[24.950788,60.186523],[24.9509,60.186539],[24.951002,60.186561],[24.951099,60.186584],[24.951133,60.186594]],[[24.951133,60.186594],[24.951164,60.186603],[24.95121,60.186628],[24.951247,60.186653]],[[24.951247,60.186653],[24.95136,60.186739],[24.951425,60.186783],[24.951493,60.186818],[24.951546,60.186839],[24.951611,60.186861],[24.951669,60.186873],[24.951705,60.186876]],[[24.951705,60.186876],[24.952287,60.186907]],[[24.952287,60.186907],[24.952301,60.186908],[24.952654,60.186926]],[[24.952654,60.186926],[24.952745,60.18693],[24.952798,60.186931],[24.953167,60.186954]],[[24.953167,60.186954],[24.953438,60.186976],[24.954103,60.187034]],[[24.954103,60.187034],[24.954217,60.187047],[24.954452,60.187086],[24.954554,60.187098]],[[24.954554,60.187098],[24.955055,60.18714],[24.955265,60.187158]],[[24.955265,60.187158],[24.95537,60.187167],[24.955459,60.187175]],[[24.955459,60.187175],[24.955777,60.187203]],[[24.955777,60.187203],[24.955914,60.187215],[24.955953,60.187218]],[[24.955953,60.187218],[24.956134,60.187234],[24.956212,60.187241]],[[24.956212,60.187241],[24.956339,60.187252],[24.956387,60.187256]],[[24.956387,60.187256],[24.957255,60.187331]],[[24.957255,60.187331],[24.957397,60.187343],[24.957566,60.187358],[24.957614,60.187362]],[[24.957614,60.187362],[24.957877,60.187384],[24.958145,60.187407],[24.958474,60.187435]],[[24.958474,60.187435],[24.958597,60.187447],[24.958684,60.187453],[24.958774,60.187457]],[[24.958774,60.187457],[24.958899,60.187459],[24.959008,60.187461],[24.959117,60.187467],[24.959367,60.187487]],[[24.959367,60.187487],[24.959882,60.187527]],[[24.959882,60.187527],[24.959972,60.187535],[24.96014,60.187548]],[[24.96014,60.187548],[24.960294,60.187559]],[[24.960294,60.187559],[24.960401,60.187564],[24.960675,60.187575]],[[24.960675,60.187575],[24.961291,60.187601],[24.961446,60.187608]],[[24.961446,60.187608],[24.961518,60.18758],[24.961534,60.187576],[24.961562,60.187573],[24.96162,60.187566],[24.961702,60.187551],[24.961711,60.187549],[24.96178,60.187536],[24.961839,60.187525],[24.961914,60.187511],[24.962042,60.187487]],[[24.946481,60.186341],[24.946607,60.186395]],[[24.941218,60.185911],[24.941534,60.185958],[24.942098,60.186044],[24.942392,60.186085],[24.942485,60.186098],[24.942869,60.186151],[24.943197,60.186195],[24.943431,60.186226],[24.943737,60.186252],[24.944114,60.186276],[24.944315,60.186285],[24.945317,60.186307],[24.946481,60.186341]],[[24.940262,60.185774],[24.940342,60.18578],[24.940419,60.18579],[24.940537,60.185808],[24.940594,60.185815],[24.940858,60.185856],[24.940914,60.185865],[24.941218,60.185911]],[[24.937751,60.185401],[24.938567,60.185524],[24.938875,60.185569],[24.939648,60.185683],[24.940094,60.18575],[24.940262,60.185774]],[[24.927025,60.181553],[24.927118,60.181565],[24.927222,60.181571],[24.92733,60.181613],[24.927419,60.181642],[24.927463,60.181657],[24.927489,60.181665],[24.927573,60.181692],[24.927708,60.181737],[24.927764,60.181753],[24.927875,60.181789],[24.927905,60.1818],[24.92801,60.181833],[24.928129,60.181864],[24.928302,60.181906]],[[24.928302,60.181906],[24.92839,60.181935],[24.928627,60.182012],[24.928997,60.18213],[24.929325,60.182251],[24.929558,60.182326],[24.92966,60.182358],[24.92986,60.182423],[24.929926,60.182445],[24.930224,60.18254],[24.93033,60.182566],[24.930549,60.182637]],[[24.930549,60.182637],[24.930584,60.182657],[24.930632,60.182674],[24.93088,60.182754],[24.931043,60.182806],[24.931121,60.182836],[24.931208,60.182878],[24.931295,60.18293],[24.931398,60.182998],[24.931508,60.183093],[24.93157,60.183163],[24.931622,60.183241],[24.931798,60.183595],[24.931948,60.183894],[24.93198,60.183934],[24.932033,60.184001],[24.932044,60.184016]],[[24.932044,60.184016],[24.932055,60.184038],[24.932058,60.184056],[24.932061,60.18408],[24.932072,60.184133],[24.932079,60.184166]],[[24.932079,60.184166],[24.932226,60.18446]],[[24.932226,60.18446],[24.932253,60.184504],[24.932289,60.184541],[24.932333,60.184572],[24.932377,60.184595],[24.932432,60.184617],[24.932492,60.184637],[24.932577,60.184657],[24.932665,60.184674],[24.934283,60.184905]],[[24.934283,60.184905],[24.935995,60.18515]],[[24.935995,60.18515],[24.936144,60.185144]],[[24.936144,60.185144],[24.937238,60.185316],[24.937751,60.185401]],[[24.931568,60.184205],[24.931486,60.184156],[24.93138,60.184104],[24.931361,60.184082]]]}},{"type":"Feature","properties":{"name":"Hermannin rantatie"},"geometry":{"type":"MultiLineString","coordinates":[[[24.974876,60.184083],[24.974932,60.184091],[24.974969,60.184108],[24.97501,60.184131],[24.975517,60.184412],[24.97561,60.184464]],[[24.97561,60.184464],[24.975851,60.184598]],[[24.975851,60.184598],[24.975885,60.184659],[24.975902,60.184687],[24.975958,60.184726],[24.976058,60.184829]],[[24.976058,60.184829],[24.976169,60.184902],[24.976282,60.184997],[24.976347,60.185067],[24.976402,60.185146],[24.97645,60.18523],[24.976496,60.185323],[24.976534,60.185403],[24.976801,60.186035],[24.976816,60.186059]],[[24.976816,60.186059],[24.976898,60.186184]],[[24.976898,60.186184],[24.976968,60.186296],[24.97698,60.186325],[24.977028,60.186421]],[[24.977028,60.186421],[24.977044,60.18645],[24.977064,60.186486]],[[24.977064,60.186486],[24.977092,60.18652],[24.977167,60.186629],[24.977481,60.187349]],[[24.977481,60.187349],[24.977605,60.187558]],[[24.977605,60.187558],[24.977743,60.187872]],[[24.977743,60.187872],[24.977752,60.187892],[24.977789,60.187969]],[[24.977789,60.187969],[24.977828,60.18804]],[[24.977828,60.18804],[24.977892,60.188142]],[[24.977892,60.188142],[24.977988,60.188171]],[[24.977988,60.188171],[24.977993,60.188182],[24.978083,60.188383],[24.978185,60.188639],[24.978293,60.18889],[24.978373,60.189073],[24.978402,60.18914],[24.978477,60.189321]],[[24.978477,60.189321],[24.978845,60.190195]],[[24.978845,60.190195],[24.9788,60.190336]],[[24.9788,60.190336],[24.978828,60.190442]],[[24.978828,60.190442],[24.978837,60.190465],[24.978859,60.190517],[24.978936,60.1907],[24.979009,60.190896],[24.97905,60.191012],[24.979086,60.191119],[24.979098,60.191244],[24.97909,60.191327],[24.979062,60.191472],[24.979013,60.191618],[24.978932,60.1918],[24.978827,60.192005],[24.978751,60.192165],[24.978659,60.192339]],[[24.978659,60.192339],[24.978649,60.192357],[24.978588,60.192468]],[[24.978588,60.192468],[24.978554,60.192534]],[[24.978554,60.192534],[24.978501,60.192628]],[[24.978501,60.192628],[24.978556,60.192655],[24.978586,60.192789],[24.978355,60.193223]],[[24.978355,60.193223],[24.978226,60.193435],[24.978067,60.193628],[24.977902,60.193784],[24.977727,60.19392],[24.977653,60.193973],[24.977463,60.19409],[24.975418,60.195261],[24.975219,60.195387],[24.974751,60.195655],[24.97454,60.195646]],[[24.97454,60.195646],[24.974381,60.195738],[24.974347,60.19576]],[[24.974347,60.19576],[24.974373,60.195861],[24.974228,60.195946],[24.973879,60.196145],[24.969708,60.198535],[24.969673,60.198554],[24.969521,60.198562]],[[24.969521,60.198562],[24.96939,60.198626]],[[24.96939,60.198626],[24.969237,60.198689]],[[24.969237,60.198689],[24.969039,60.198764]],[[24.969039,60.198764],[24.969098,60.198832],[24.968881,60.198963],[24.968497,60.19918],[24.96797,60.199482],[24.967013,60.200029],[24.966804,60.200139],[24.966594,60.200237],[24.966199,60.200415],[24.966167,60.20044],[24.966166,60.20048]],[[24.965338,60.200396],[24.965491,60.200355],[24.965508,60.200348],[24.965521,60.200335],[24.96552,60.200323],[24.965487,60.200292],[24.965459,60.200268],[24.965419,60.200228]],[[24.965419,60.200228],[24.965878,60.200094],[24.966089,60.200031],[24.966201,60.19999],[24.966274,60.199956],[24.966363,60.199918]],[[24.966363,60.199918],[24.967527,60.19925],[24.968468,60.198709]],[[24.968468,60.198709],[24.968535,60.198676],[24.96857,60.198659],[24.968716,60.19865]],[[24.968716,60.19865],[24.968744,60.198631],[24.968896,60.198554]],[[24.968896,60.198554],[24.969053,60.19849]],[[24.969053,60.19849],[24.9692,60.19843]],[[24.9692,60.19843],[24.969128,60.198354],[24.969215,60.198277],[24.969595,60.198063],[24.969837,60.197928],[24.969936,60.19788],[24.970094,60.197791],[24.970237,60.197707],[24.970604,60.197497],[24.97106,60.197238],[24.971491,60.196991],[24.972542,60.19639],[24.973072,60.196088],[24.97365,60.195756],[24.973726,60.195731],[24.973969,60.195681]],[[24.973969,60.195681],[24.974094,60.195613],[24.974262,60.195526],[24.974271,60.195521]],[[24.974271,60.195521],[24.974287,60.195413],[24.97432,60.195391],[24.974709,60.195175],[24.974941,60.195046],[24.97502,60.195],[24.975804,60.194561],[24.977059,60.193832],[24.977191,60.193743],[24.977391,60.193575],[24.977563,60.193386],[24.977637,60.193289],[24.977711,60.193138],[24.977746,60.193069],[24.977896,60.192776],[24.977927,60.19272],[24.977991,60.19266],[24.978034,60.19263],[24.978178,60.192587]],[[24.978178,60.192587],[24.978227,60.192497],[24.978263,60.192431],[24.978325,60.192316],[24.978331,60.192307]],[[24.978331,60.192307],[24.978306,60.192217],[24.97848,60.191871],[24.978547,60.19175],[24.978665,60.191568],[24.978702,60.191478],[24.97872,60.191388],[24.978724,60.191243],[24.978708,60.191156],[24.978636,60.190905],[24.97853,60.190624],[24.978556,60.190559]],[[24.978556,60.190559],[24.978533,60.190497],[24.978498,60.190396]],[[24.978498,60.190396],[24.978463,60.190319]],[[24.978463,60.190319],[24.978314,60.19025]],[[24.978314,60.19025],[24.977982,60.189448]],[[24.977982,60.189448],[24.978058,60.189383]],[[24.978058,60.189383],[24.977987,60.18922],[24.977908,60.189075],[24.977825,60.188918],[24.977609,60.188392],[24.977553,60.188256]],[[24.977553,60.188256],[24.977528,60.188192],[24.977494,60.188111]],[[24.977494,60.188111],[24.977464,60.188041]],[[24.977464,60.188041],[24.977438,60.187981],[24.977417,60.187935],[24.977356,60.187807]],[[24.977356,60.187807],[24.977235,60.187749]],[[24.977235,60.187749],[24.977201,60.187666],[24.97721,60.187603],[24.977143,60.187425],[24.977172,60.187383]],[[24.977172,60.187383],[24.976882,60.186772]],[[24.976882,60.186772],[24.976866,60.186743],[24.976831,60.186674],[24.976781,60.186569]],[[24.976781,60.186569],[24.976762,60.186503]],[[24.976762,60.186503],[24.976733,60.186353],[24.976713,60.186256],[24.976702,60.186206]],[[24.976702,60.186206],[24.976646,60.186059],[24.976361,60.185422],[24.97633,60.185349],[24.976292,60.185253],[24.97625,60.185175],[24.976187,60.185093],[24.976122,60.185024],[24.976036,60.184946],[24.975926,60.184872],[24.975798,60.184799],[24.975696,60.184742],[24.975639,60.184711],[24.974942,60.184333]],[[24.978659,60.192339],[24.978649,60.192357],[24.978588,60.192468]]]}},{"type":"Feature","properties":{"name":"Hietalahdenranta - Telakkakatu"},"geometry":{"type":"MultiLineString","coordinates":[[[24.929293,60.161712],[24.92932,60.161687],[24.929348,60.161662],[24.929415,60.161583]],[[24.929415,60.161583],[24.929444,60.16156],[24.929495,60.16148]],[[24.929495,60.16148],[24.929423,60.161155],[24.929428,60.161094],[24.929464,60.161022],[24.929521,60.160966],[24.929915,60.160691],[24.93015,60.160527],[24.930201,60.160492],[24.930239,60.16047],[24.930372,60.160393]],[[24.930372,60.160393],[24.930594,60.160287],[24.930917,60.160169],[24.931759,60.159833],[24.931824,60.159801],[24.931889,60.159758]],[[24.931889,60.159758],[24.931941,60.159704],[24.93199,60.159648],[24.932342,60.159195],[24.93242,60.159115],[24.932462,60.159071]],[[24.932462,60.159071],[24.932526,60.159014],[24.93261,60.158927],[24.932661,60.158862],[24.933004,60.158327],[24.93306,60.158246]],[[24.93306,60.158246],[24.933106,60.158175],[24.933122,60.158108]],[[24.933122,60.158108],[24.933154,60.158045],[24.933314,60.157801],[24.933346,60.157752],[24.933422,60.157655]],[[24.933422,60.157655],[24.933486,60.157573],[24.933867,60.156983],[24.933895,60.1569]],[[24.933895,60.1569],[24.933907,60.156862],[24.933922,60.156817],[24.934063,60.156594]],[[24.934063,60.156594],[24.934232,60.156343],[24.934272,60.156291],[24.934336,60.156241],[24.934368,60.156208],[24.934864,60.155442],[24.934897,60.155382],[24.934935,60.15529],[24.934953,60.155237]],[[24.934953,60.155237],[24.934963,60.155208],[24.934963,60.155174]],[[24.934963,60.155174],[24.93493,60.155151],[24.934912,60.155125],[24.934909,60.155097]],[[24.934909,60.155097],[24.934922,60.15507],[24.934943,60.15505],[24.934966,60.155037],[24.934977,60.155031],[24.935019,60.155017],[24.935067,60.155009]],[[24.935067,60.155009],[24.935125,60.155007],[24.935182,60.155014],[24.935233,60.155029]],[[24.935233,60.155029],[24.93527,60.155048],[24.935295,60.155072],[24.935306,60.155098],[24.935303,60.155125]],[[24.935303,60.155125],[24.935293,60.155143],[24.935266,60.155166],[24.935259,60.15517],[24.935233,60.155183]],[[24.935233,60.155183],[24.935162,60.15527],[24.934533,60.156236],[24.934524,60.156268],[24.934515,60.156328],[24.934491,60.156387],[24.934189,60.15686],[24.934096,60.156936],[24.934042,60.157013]],[[24.934042,60.157013],[24.933705,60.157553],[24.933674,60.157603],[24.933619,60.157691]],[[24.933619,60.157691],[24.933588,60.157736],[24.933576,60.157753],[24.933556,60.157786],[24.933288,60.158185],[24.933276,60.158203],[24.933261,60.158226],[24.933236,60.158263]],[[24.933236,60.158263],[24.933198,60.158323],[24.933179,60.158355],[24.932839,60.158896],[24.932645,60.15917]],[[24.932645,60.15917],[24.932599,60.159232],[24.932236,60.159691],[24.932195,60.159739],[24.932143,60.159795]],[[24.932143,60.159795],[24.932103,60.159818],[24.931928,60.159897],[24.931073,60.16024],[24.930895,60.160317],[24.930795,60.160367],[24.930694,60.160421]],[[24.930694,60.160421],[24.93058,60.160482]],[[24.93058,60.160482],[24.930444,60.160555],[24.930415,60.16057],[24.93018,60.160709]],[[24.93018,60.160709],[24.929864,60.160925],[24.929809,60.160966],[24.929765,60.161005],[24.929729,60.161045],[24.929704,60.161084],[24.92969,60.161118],[24.929681,60.161152],[24.929682,60.161191],[24.929695,60.161248],[24.92976,60.161431]],[[24.92976,60.161431],[24.929781,60.161487],[24.929792,60.161518]],[[24.929792,60.161518],[24.929811,60.161592],[24.929831,60.161663],[24.929838,60.161713],[24.929835,60.161749],[24.929829,60.161773],[24.929795,60.161795]],[[24.929795,60.161795],[24.929785,60.161803],[24.929775,60.161811],[24.92976,60.161822],[24.929725,60.161841],[24.929674,60.161862],[24.929632,60.161872],[24.929591,60.161882]],[[24.929591,60.161882],[24.929362,60.161907]]]}},{"type":"Feature","properties":{"name":"Hämeentie"},"geometry":{"type":"MultiLineString","coordinates":[[[24.963861,60.18928],[24.963911,60.189168]],[[24.963911,60.189168],[24.963871,60.189099],[24.963852,60.189063]],[[24.963852,60.189063],[24.963813,60.188992]],[[24.963813,60.188992],[24.963465,60.188375]],[[24.963465,60.188375],[24.963325,60.188277],[24.963258,60.188227],[24.963209,60.188193],[24.963153,60.188158],[24.96306,60.188106],[24.962983,60.188067],[24.96289,60.188028],[24.962788,60.187992],[24.962656,60.187949],[24.962495,60.187901],[24.962284,60.187848],[24.962151,60.187818],[24.962095,60.187805]],[[24.962095,60.187805],[24.961994,60.187805],[24.961905,60.187793],[24.961733,60.187768]],[[24.961733,60.187768],[24.961716,60.187752],[24.9617,60.18773],[24.961678,60.1877],[24.96165,60.187674],[24.961619,60.187646],[24.961597,60.187625],[24.961578,60.187605],[24.961544,60.187583],[24.961534,60.187576],[24.96153,60.187551],[24.961499,60.18747],[24.961441,60.187423]],[[24.961441,60.187423],[24.961377,60.187351],[24.961336,60.187303],[24.961301,60.187251],[24.961273,60.187197],[24.96125,60.187143],[24.961235,60.187096],[24.961214,60.187018],[24.961191,60.186905],[24.961168,60.186807],[24.961063,60.186309]],[[24.961063,60.186309],[24.961128,60.186228]],[[24.961128,60.186228],[24.961123,60.186204],[24.961113,60.186161]],[[24.961113,60.186161],[24.961096,60.186093]],[[24.961096,60.186093],[24.961071,60.185996],[24.961062,60.185958]],[[24.961062,60.185958],[24.960975,60.185904]],[[24.960975,60.185904],[24.960974,60.185876],[24.960969,60.185816],[24.960965,60.185791],[24.960952,60.185737],[24.960926,60.185673],[24.960884,60.185592],[24.960878,60.185577]],[[24.960878,60.185577],[24.960798,60.185457],[24.960713,60.185314],[24.960649,60.185237],[24.960573,60.185143],[24.960456,60.185014],[24.960446,60.185005],[24.960275,60.184892],[24.960214,60.184845],[24.960134,60.184779]],[[24.960134,60.184779],[24.96014,60.184692]],[[24.96014,60.184692],[24.9601,60.184661],[24.960002,60.184585]],[[24.960002,60.184585],[24.959914,60.184518]],[[24.959914,60.184518],[24.959818,60.184497],[24.959777,60.184467],[24.959695,60.184383],[24.959662,60.184354],[24.959256,60.18405],[24.958828,60.183727],[24.958503,60.183481],[24.958404,60.183414],[24.958189,60.183287],[24.958109,60.183247],[24.957956,60.183172],[24.957692,60.183035],[24.957286,60.182826],[24.957192,60.182801],[24.957124,60.182784]],[[24.957124,60.182784],[24.956883,60.182669],[24.956702,60.182578],[24.956607,60.182515],[24.956562,60.182487],[24.956434,60.182417],[24.956322,60.182363],[24.956235,60.182274]],[[24.956235,60.182274],[24.956063,60.182195]],[[24.956063,60.182195],[24.95585,60.182106]],[[24.95585,60.182106],[24.955721,60.182098],[24.955371,60.181969],[24.954493,60.181653],[24.954378,60.181616],[24.954201,60.181534],[24.953505,60.181279],[24.95311,60.181134],[24.953031,60.181097],[24.952817,60.181022],[24.952223,60.180806],[24.951791,60.180649],[24.951566,60.180567],[24.951509,60.180547],[24.951279,60.180476],[24.951138,60.18042],[24.951094,60.180402],[24.95028,60.180099]],[[24.95028,60.180099],[24.950284,60.180067]],[[24.950284,60.180067],[24.950255,60.180056],[24.950148,60.180007],[24.950098,60.17998],[24.950063,60.179959],[24.950013,60.179923]],[[24.950013,60.179923],[24.949979,60.179895],[24.949938,60.179859],[24.949903,60.179827],[24.94989,60.179812],[24.949854,60.179756]],[[24.950852,60.180146],[24.951183,60.180266]],[[24.951183,60.180266],[24.951307,60.18031],[24.95151,60.180389]],[[24.95151,60.180389],[24.951701,60.180416],[24.951846,60.180471],[24.952164,60.180588],[24.953012,60.180901],[24.953222,60.180965],[24.953317,60.180994]],[[24.953317,60.180994],[24.953523,60.181061],[24.954429,60.181384],[24.954681,60.181477],[24.954723,60.181493],[24.955888,60.181914],[24.955937,60.18197]],[[24.955937,60.18197],[24.956009,60.181997],[24.956179,60.182058]],[[24.956179,60.182058],[24.956319,60.182115]],[[24.956319,60.182115],[24.95643,60.182164],[24.956496,60.182192]],[[24.956496,60.182192],[24.956741,60.182246],[24.956782,60.182259],[24.956952,60.182313],[24.956982,60.182323],[24.957182,60.182431],[24.9574,60.182547],[24.957742,60.182731],[24.957901,60.182817],[24.957974,60.18288],[24.958056,60.18295],[24.958191,60.183073]],[[24.958191,60.183073],[24.958209,60.183082],[24.958341,60.183149],[24.958428,60.183197]],[[24.958428,60.183197],[24.958523,60.183262]],[[24.958523,60.183262],[24.95866,60.183316],[24.95915,60.183703],[24.959754,60.184156],[24.959921,60.184287],[24.960051,60.18437],[24.960067,60.18442]],[[24.960067,60.18442],[24.960112,60.184454],[24.960208,60.184525]],[[24.960208,60.184525],[24.960304,60.184599],[24.960362,60.184648]],[[24.960362,60.184648],[24.9605,60.184666]],[[24.9605,60.184666],[24.960528,60.184689],[24.960634,60.184777],[24.960671,60.184807],[24.960715,60.184844],[24.960777,60.184911],[24.960881,60.18502],[24.96091,60.185057],[24.960962,60.185116],[24.961078,60.185262],[24.961126,60.185317],[24.961181,60.185393],[24.961202,60.185428],[24.961219,60.185458],[24.961244,60.185503],[24.961262,60.185536]],[[24.961262,60.185536],[24.961275,60.18556],[24.961307,60.18564],[24.961332,60.185706],[24.961383,60.185858]],[[24.961383,60.185858],[24.961302,60.185928]],[[24.961302,60.185928],[24.961308,60.185952],[24.961323,60.186024],[24.961334,60.18611]],[[24.961334,60.18611],[24.961345,60.186204],[24.96135,60.18623]],[[24.96135,60.18623],[24.961448,60.18629]],[[24.961448,60.18629],[24.961452,60.186325],[24.961452,60.186335],[24.961456,60.186365],[24.961472,60.186435],[24.961485,60.186498],[24.961506,60.186596],[24.961512,60.186632],[24.961519,60.186656],[24.961526,60.186687],[24.961532,60.186721],[24.961538,60.186753],[24.961544,60.186783],[24.961551,60.186817],[24.961571,60.186909],[24.961603,60.18704],[24.96162,60.187093],[24.961635,60.187123],[24.96165,60.187156],[24.961701,60.187234]],[[24.961701,60.187234],[24.961666,60.187287]],[[24.961666,60.187287],[24.961731,60.187354],[24.961739,60.187362],[24.961767,60.187391]],[[24.961767,60.187391],[24.961856,60.187402],[24.961907,60.187431],[24.96198,60.187466],[24.962042,60.187487],[24.962168,60.187516],[24.962481,60.187588],[24.962592,60.187614]],[[24.962592,60.187614],[24.962732,60.187647],[24.96287,60.18768],[24.962983,60.187706],[24.963134,60.187754],[24.963279,60.187813],[24.963404,60.187875],[24.963492,60.187922],[24.96353,60.187953],[24.963587,60.188019],[24.963624,60.188062],[24.963679,60.188136],[24.96369,60.188183],[24.963775,60.188335],[24.963846,60.188462],[24.963939,60.188632],[24.96398,60.188702],[24.963985,60.188711],[24.964012,60.188758],[24.964023,60.188777],[24.964037,60.188802],[24.964049,60.188823],[24.964076,60.188871],[24.964095,60.188906],[24.964125,60.188959],[24.964146,60.188996],[24.964097,60.189068]],[[24.964097,60.189068],[24.964146,60.189158]],[[24.964146,60.189158],[24.964304,60.189256]]]}},{"type":"Feature","properties":{"name":"Intiankatu"},"geometry":{"type":"MultiLineString","coordinates":[[[24.962766,60.210261],[24.962612,60.210342]],[[24.962612,60.210342],[24.962263,60.210527]],[[24.962263,60.210527],[24.961755,60.21082],[24.961404,60.211049],[24.961366,60.211073]],[[24.961366,60.211073],[24.961322,60.2111],[24.960937,60.211369],[24.96076,60.211492],[24.960298,60.211847],[24.960068,60.212041],[24.959584,60.212496],[24.959578,60.212502],[24.959558,60.212522],[24.959498,60.212583]],[[24.959498,60.212583],[24.959302,60.212772]],[[24.959302,60.212772],[24.959187,60.212884]],[[24.959187,60.212884],[24.958877,60.213192],[24.958831,60.213236],[24.958807,60.21326],[24.958775,60.213293]],[[24.958224,60.21354],[24.958295,60.213475],[24.958351,60.213437]],[[24.958351,60.213437],[24.958391,60.213412],[24.958434,60.213384]],[[24.958434,60.213384],[24.958471,60.21336]],[[24.958471,60.21336],[24.958541,60.213318],[24.958624,60.213259]],[[24.958624,60.213259],[24.958766,60.213143],[24.958876,60.21304],[24.958955,60.212962],[24.959037,60.21291],[24.95909,60.212869],[24.959217,60.212746],[24.959298,60.212662],[24.959399,60.212561]],[[24.959399,60.212561],[24.959488,60.212471]],[[24.959488,60.212471],[24.959662,60.212301],[24.959834,60.212144],[24.96002,60.211979],[24.960217,60.211815],[24.960461,60.211618],[24.960676,60.211458],[24.960839,60.211338],[24.961236,60.211068]],[[24.961236,60.211068],[24.961408,60.210956]],[[24.961408,60.210956],[24.961868,60.210676],[24.962362,60.210401],[24.962422,60.210367]],[[24.962422,60.210367],[24.962531,60.210306]],[[24.962531,60.210306],[24.962766,60.210261]],[[24.962876,60.210207],[24.962766,60.210261]],[[24.963342,60.209971],[24.962876,60.210207]],[[24.963462,60.209913],[24.96341,60.209936],[24.963342,60.209971]],[[24.96369,60.209802],[24.96357,60.209861],[24.963462,60.209913]],[[24.964,60.209648],[24.96369,60.209802]],[[24.964554,60.209356],[24.964468,60.209405],[24.964036,60.209629],[24.964,60.209648]],[[24.964745,60.20925],[24.964698,60.209277],[24.964554,60.209356]],[[24.965125,60.209048],[24.96496,60.209136],[24.964745,60.20925]],[[24.965499,60.208852],[24.965209,60.209004],[24.965125,60.209048]],[[24.965631,60.208784],[24.965499,60.208852]],[[24.96575,60.208723],[24.965631,60.208784]],[[24.966258,60.208463],[24.966049,60.208571],[24.96575,60.208723]],[[24.966322,60.20843],[24.966258,60.208463]],[[24.966522,60.208328],[24.966386,60.208396],[24.966322,60.20843]],[[24.966724,60.208111],[24.966744,60.208169],[24.966744,60.208179],[24.966736,60.2082],[24.96673,60.208212],[24.966703,60.208236],[24.966611,60.208288],[24.966522,60.208328]],[[24.966724,60.208111],[24.967142,60.207901]],[[24.967142,60.207901],[24.967187,60.207878],[24.967272,60.207839],[24.967435,60.207824],[24.967661,60.207801],[24.967751,60.207785]],[[24.96827,60.207656],[24.968172,60.20768],[24.968077,60.207704],[24.968027,60.207717],[24.967992,60.207726],[24.967888,60.207752],[24.967751,60.207785]],[[24.968369,60.207631],[24.968303,60.207647],[24.96827,60.207656]]]}},{"type":"Feature","properties":{"name":"Kauppalanpuisto"},"geometry":{"type":"MultiLineString","coordinates":[[[24.898676,60.208734],[24.898778,60.208694],[24.898844,60.208632],[24.89889,60.208551],[24.898896,60.208449],[24.898881,60.208369],[24.898855,60.208333]],[[24.898806,60.209593],[24.898774,60.209531],[24.898767,60.209467],[24.898676,60.208734],[24.898658,60.208715],[24.898587,60.208675],[24.898495,60.208627],[24.898341,60.208551],[24.898166,60.208483],[24.897791,60.208356]],[[24.900649,60.211507],[24.900524,60.21146],[24.900475,60.211429],[24.900221,60.211221],[24.900118,60.211152],[24.900032,60.211113],[24.899905,60.211054],[24.899817,60.210999],[24.899729,60.210934],[24.899674,60.210881],[24.899638,60.210812],[24.899605,60.210718],[24.899553,60.210637],[24.899207,60.210308],[24.899161,60.210254],[24.89914,60.210193],[24.899128,60.2101],[24.899111,60.21001],[24.899074,60.209936],[24.899,60.209837],[24.898881,60.209684],[24.898806,60.209593]],[[24.901901,60.212495],[24.901854,60.212435],[24.901613,60.212266],[24.901472,60.212173],[24.901196,60.211983],[24.900649,60.211507]]]}},{"type":"Feature","properties":{"name":"Koskelantie"},"geometry":{"type":"MultiLineString","coordinates":[[[24.959073,60.213589],[24.962512,60.214512],[24.962704,60.214563],[24.962831,60.214598],[24.96479,60.215124],[24.965141,60.215218],[24.965253,60.215243],[24.967765,60.215904],[24.967839,60.215923]],[[24.958826,60.213525],[24.959073,60.213589]],[[24.95849,60.213438],[24.958566,60.213458],[24.958635,60.213476],[24.958705,60.213494],[24.958826,60.213525]],[[24.958274,60.213378],[24.958391,60.213412],[24.95849,60.213438]],[[24.94846,60.209499],[24.948576,60.209543],[24.950433,60.210286],[24.950506,60.210314],[24.951134,60.210563],[24.951751,60.210807],[24.952614,60.211147],[24.954311,60.211817],[24.955597,60.21232],[24.956478,60.212668],[24.956535,60.212692],[24.956609,60.212722],[24.956742,60.212774],[24.958274,60.213378]],[[24.946526,60.20878],[24.946783,60.208844],[24.948383,60.209469],[24.94846,60.209499]],[[24.946526,60.20878],[24.946495,60.208817],[24.946447,60.208873],[24.946401,60.208948],[24.946386,60.208962]],[[24.946386,60.208962],[24.945828,60.208898],[24.945585,60.208888]],[[24.945585,60.208888],[24.945532,60.208884],[24.945432,60.208872]],[[24.945432,60.208872],[24.945263,60.208854],[24.945204,60.208849],[24.945026,60.208833]],[[24.945026,60.208833],[24.944923,60.208823],[24.944885,60.208819]],[[24.944885,60.208819],[24.944846,60.208798],[24.944626,60.208774],[24.944508,60.208761],[24.944242,60.208727],[24.943871,60.208682],[24.943819,60.208676],[24.943774,60.20867],[24.943723,60.208661]],[[24.943723,60.208661],[24.943628,60.208647]],[[24.943628,60.208647],[24.943363,60.208608],[24.942968,60.208536],[24.942719,60.208484],[24.942073,60.208318]],[[24.942073,60.208318],[24.941976,60.208297],[24.941891,60.208271],[24.941634,60.208207],[24.941236,60.208099],[24.940581,60.207918],[24.940481,60.207887],[24.940414,60.207868]],[[24.940414,60.207868],[24.940363,60.207851],[24.94034,60.207843],[24.940248,60.20781],[24.940108,60.207764],[24.937694,60.207026],[24.93764,60.20701],[24.937592,60.207005],[24.937552,60.207005],[24.937466,60.206981]],[[24.937466,60.206981],[24.937411,60.206967],[24.937355,60.20696],[24.937213,60.206947],[24.937159,60.20694]],[[24.937159,60.20694],[24.936976,60.206915]],[[24.936976,60.206915],[24.93659,60.206855]],[[24.93659,60.206855],[24.936478,60.206839],[24.936429,60.206835],[24.936371,60.206834]],[[24.944846,60.208798],[24.944881,60.208705],[24.944897,60.208663],[24.944908,60.208633],[24.944951,60.208491],[24.94498,60.208421]],[[24.944997,60.208413],[24.945092,60.208411],[24.945205,60.208415],[24.945298,60.208415],[24.945333,60.208416]],[[24.945333,60.208416],[24.945358,60.208416],[24.94539,60.208416],[24.945445,60.208415],[24.945504,60.208416]],[[24.945504,60.208416],[24.945637,60.208417],[24.945801,60.208423]],[[24.945922,60.20836],[24.945801,60.208423]],[[24.946074,60.208276],[24.946037,60.208298],[24.945987,60.208327],[24.945922,60.20836]],[[24.946074,60.208276],[24.946225,60.208337]],[[24.946225,60.208337],[24.946358,60.208386],[24.946453,60.208432]],[[24.946453,60.208432],[24.946462,60.208464],[24.946519,60.208505],[24.946751,60.208601],[24.94678,60.208624]],[[24.94678,60.208624],[24.946756,60.208639],[24.946701,60.208673],[24.946648,60.208705],[24.946594,60.20874]],[[24.946594,60.20874],[24.946565,60.208755],[24.946526,60.20878]]]}},{"type":"Feature","properties":{"name":"Kulosaaren silta"},"geometry":{"type":"MultiLineString","coordinates":[[[24.994237,60.186179],[24.994188,60.186166]],[[24.994188,60.186166],[24.994108,60.186136],[24.994005,60.186087],[24.993872,60.186054],[24.993653,60.186017],[24.993373,60.185994],[24.992629,60.185958],[24.991581,60.185907],[24.990839,60.185907],[24.99022,60.185925],[24.98946,60.185977],[24.988392,60.186091],[24.988054,60.186102],[24.987376,60.186178]],[[24.987376,60.186178],[24.984922,60.186446]],[[24.984922,60.186446],[24.982083,60.186766]],[[24.982083,60.186766],[24.981921,60.186785],[24.981799,60.1868],[24.981653,60.186821],[24.981239,60.186865],[24.980843,60.186913],[24.980744,60.18693],[24.980664,60.186948],[24.98059,60.186963],[24.980329,60.186997],[24.980154,60.187025],[24.980074,60.187035],[24.979843,60.18705],[24.979699,60.187041],[24.979633,60.187038],[24.97945,60.187059],[24.979366,60.187069],[24.978396,60.18718]],[[24.978396,60.18718],[24.977823,60.187244],[24.977058,60.187328],[24.976723,60.187366]],[[24.974932,60.187628],[24.975392,60.187553],[24.975655,60.187514],[24.975966,60.187468],[24.976723,60.187366]],[[24.970575,60.187482],[24.970989,60.187518],[24.971275,60.187534],[24.971563,60.187538],[24.97195,60.187531],[24.972435,60.187499],[24.973192,60.187436],[24.97333,60.187423],[24.973814,60.187377],[24.974062,60.187352],[24.974567,60.187295],[24.97473,60.187274],[24.974967,60.187246],[24.975151,60.187224],[24.975212,60.187224],[24.975406,60.187211],[24.975712,60.187175],[24.976081,60.187129],[24.976357,60.187105],[24.976607,60.187088]],[[24.976607,60.187088],[24.977543,60.18699]],[[24.977543,60.18699],[24.978244,60.186917]],[[24.978244,60.186917],[24.979209,60.186809],[24.980831,60.186614],[24.98095,60.1866]],[[24.98095,60.1866],[24.981081,60.186584],[24.981183,60.186574],[24.981282,60.186569],[24.981349,60.186571],[24.981544,60.186575],[24.981668,60.186575]],[[24.981668,60.186575],[24.987293,60.185925]],[[24.987293,60.185925],[24.98903,60.18572],[24.989708,60.185631]]]}},{"type":"Feature","properties":{"name":"Kumpulantaival"},"geometry":{"type":"MultiLineString","coordinates":[[[24.968606,60.211484],[24.968989,60.211932],[24.969002,60.211946],[24.969086,60.212036],[24.969249,60.212071],[24.96958,60.21212]],[[24.968053,60.21084],[24.968564,60.211436],[24.968606,60.211484]],[[24.96556,60.208884],[24.965592,60.208901],[24.965699,60.208952],[24.966421,60.209329],[24.966702,60.209478],[24.966852,60.209555],[24.966971,60.209616],[24.967152,60.209723],[24.967252,60.209789],[24.967328,60.209845],[24.967637,60.210179],[24.967771,60.210334],[24.967902,60.210584],[24.967977,60.210782],[24.968053,60.21084]],[[24.965499,60.208852],[24.96556,60.208884]],[[24.963473,60.207744],[24.963577,60.207867],[24.963641,60.207933],[24.9637,60.207986],[24.963811,60.208048],[24.963957,60.208122],[24.964151,60.208216],[24.964504,60.208388],[24.964796,60.208531],[24.964818,60.208541],[24.965331,60.208771],[24.965383,60.208797],[24.965499,60.208852]],[[24.961582,60.206603],[24.961725,60.206683],[24.962096,60.206889],[24.962367,60.207029],[24.963136,60.207422],[24.963255,60.207508],[24.963352,60.207592],[24.963473,60.207744]],[[24.961479,60.206536],[24.961582,60.206603]],[[24.959677,60.205625],[24.95979,60.205684],[24.960426,60.205987],[24.960692,60.206122],[24.960903,60.206228],[24.961309,60.206447],[24.961479,60.206536]],[[24.959618,60.205595],[24.959677,60.205625]],[[24.959437,60.20549],[24.959501,60.205531],[24.959618,60.205595]],[[24.957299,60.204526],[24.957576,60.204673],[24.957891,60.204822],[24.958295,60.204997],[24.958365,60.205034],[24.958412,60.205062],[24.958444,60.205085],[24.95849,60.20511],[24.958552,60.205127],[24.958635,60.205144],[24.958895,60.205237],[24.959046,60.205301],[24.959184,60.205365],[24.959345,60.205437],[24.959437,60.20549]],[[24.956667,60.204203],[24.956861,60.204287],[24.957299,60.204526]],[[24.956566,60.20416],[24.956667,60.204203]],[[24.956225,60.204043],[24.956258,60.204055],[24.956365,60.204094],[24.956467,60.204127],[24.956566,60.20416]],[[24.953837,60.203081],[24.953995,60.203215],[24.954146,60.203294],[24.95433,60.203355],[24.954516,60.203409],[24.954788,60.2035],[24.954911,60.203547],[24.954929,60.203555],[24.955047,60.20362],[24.955089,60.203644],[24.955183,60.203696],[24.955272,60.203754],[24.955407,60.203823],[24.955575,60.203871],[24.955629,60.20389],[24.9557,60.203913],[24.955748,60.203929],[24.955936,60.203973],[24.956036,60.203997],[24.956225,60.204043]],[[24.953815,60.203046],[24.953837,60.203081]],[[24.952197,60.201606],[24.952329,60.201789],[24.9524,60.201895],[24.952428,60.201939],[24.952543,60.202069],[24.952626,60.202138],[24.95278,60.20223],[24.953173,60.202438],[24.953459,60.20261],[24.953571,60.202701],[24.953652,60.202792],[24.953766,60.202976],[24.953815,60.203046]],[[24.952715,60.201037],[24.952576,60.201101],[24.952296,60.201229],[24.952212,60.201263],[24.952181,60.201333],[24.952174,60.201422],[24.952197,60.201606]],[[24.952951,60.200899],[24.952845,60.200976],[24.952715,60.201037]],[[24.952967,60.200842],[24.952951,60.200899]]]}},{"type":"Feature","properties":{"name":"Lapinlahti - Hyväntoivonpuisto"},"geometry":{"type":"MultiLineString","coordinates":[[[24.914398,60.166034],[24.914518,60.165333],[24.914521,60.165318],[24.914548,60.165161],[24.914609,60.165035],[24.914621,60.16501]],[[24.914621,60.16501],[24.91472,60.164746],[24.914751,60.164584],[24.91478,60.16433],[24.91477,60.163926]],[[24.914828,60.163507],[24.914776,60.163885],[24.91477,60.163926]],[[24.914019,60.16348],[24.914244,60.163488],[24.914828,60.163507]],[[24.914019,60.163223],[24.914016,60.163276],[24.914014,60.16331],[24.914013,60.163332],[24.914011,60.163368],[24.91401,60.163396],[24.914008,60.163427],[24.914007,60.163443],[24.914019,60.16348]],[[24.914157,60.161961],[24.914096,60.162413],[24.914087,60.162481],[24.914106,60.162517],[24.914101,60.162574],[24.914091,60.162659],[24.914079,60.162745],[24.914077,60.162769],[24.914068,60.162834],[24.91406,60.162897],[24.914056,60.162933],[24.914044,60.163016],[24.914042,60.163041],[24.914032,60.163123],[24.914027,60.163155],[24.914019,60.163223]],[[24.914181,60.161805],[24.914171,60.161868],[24.914157,60.161961]],[[24.914211,60.161558],[24.914181,60.161805]],[[24.914216,60.161476],[24.914211,60.161558]],[[24.913844,60.161243],[24.913958,60.161304],[24.914016,60.161321],[24.914226,60.161383],[24.914216,60.161476]],[[24.913844,60.161243],[24.913928,60.161184],[24.914221,60.160978],[24.914579,60.160727],[24.914674,60.16066]],[[24.914299,60.160019],[24.914347,60.160065],[24.914494,60.160207],[24.914563,60.160273],[24.914573,60.160283],[24.914629,60.160337],[24.914682,60.160416],[24.9147,60.160443],[24.914731,60.160489],[24.914728,60.160607],[24.914674,60.16066]],[[24.915794,60.15922],[24.91572,60.159269],[24.915624,60.159312],[24.915548,60.159339],[24.915481,60.159362],[24.915433,60.159387],[24.915412,60.159408],[24.915397,60.159427],[24.915389,60.159457],[24.915392,60.15948],[24.91541,60.159509],[24.915425,60.159531],[24.915448,60.159567],[24.915459,60.159603],[24.915461,60.159634],[24.915459,60.159656],[24.915448,60.15968],[24.915415,60.159714],[24.915374,60.15974],[24.915322,60.159757],[24.915253,60.159761],[24.915117,60.159753],[24.914972,60.159741],[24.914858,60.159734],[24.91477,60.159734],[24.914714,60.159745],[24.914674,60.159757],[24.914631,60.159781],[24.914559,60.159833],[24.914441,60.159917],[24.914299,60.160019]],[[24.916212,60.15892],[24.915979,60.159112],[24.915794,60.15922]],[[24.916212,60.15892],[24.91623,60.158897],[24.916272,60.158861],[24.916329,60.158822],[24.916397,60.158784],[24.916779,60.158601],[24.91719,60.15842],[24.917258,60.158392],[24.917315,60.158362],[24.917373,60.158323],[24.917482,60.15822],[24.91749,60.158213],[24.917599,60.158086],[24.917653,60.158018],[24.917704,60.157954],[24.917748,60.157865],[24.917771,60.157788],[24.917787,60.157717],[24.917787,60.157635],[24.917764,60.157498],[24.917741,60.157432],[24.917714,60.157379],[24.91769,60.157344],[24.917644,60.157295],[24.91754,60.15723]],[[24.91754,60.15723],[24.917414,60.157171],[24.917268,60.157125],[24.917193,60.1571],[24.916995,60.157046],[24.916843,60.156997],[24.916719,60.156951],[24.916665,60.156927],[24.916594,60.156888],[24.916524,60.156837],[24.916472,60.15679],[24.916416,60.156735],[24.91637,60.156686],[24.916325,60.156634],[24.916261,60.156558],[24.916197,60.15651],[24.91613,60.156462],[24.916091,60.156432],[24.915996,60.156387],[24.915878,60.156337],[24.915715,60.156283],[24.915408,60.156213],[24.914974,60.156084],[24.914837,60.156039],[24.914743,60.156008],[24.914563,60.155932]]]}},{"type":"Feature","properties":{"name":"Lauttasaarentie - Lauttasaarensilta"},"geometry":{"type":"MultiLineString","coordinates":[[[24.900559,60.162578],[24.896111,60.161989],[24.89476,60.161811]],[[24.89476,60.161811],[24.894305,60.161753],[24.894076,60.161722],[24.89352,60.161648],[24.89254,60.161517],[24.892477,60.161502],[24.892383,60.161479],[24.89221,60.161451]],[[24.89221,60.161451],[24.892013,60.161428]],[[24.892013,60.161428],[24.891832,60.161405]],[[24.891832,60.161405],[24.891722,60.161396],[24.891581,60.1614]],[[24.891581,60.1614],[24.89154,60.161396],[24.890922,60.161325],[24.890805,60.161312],[24.890631,60.161293],[24.890555,60.161294],[24.890464,60.161288],[24.890285,60.161263],[24.889764,60.161208],[24.889727,60.161204],[24.889556,60.161182],[24.889467,60.16117]],[[24.889467,60.16117],[24.889369,60.161152],[24.889303,60.161146]],[[24.889303,60.161146],[24.88925,60.161117],[24.889192,60.161104],[24.889155,60.161095]],[[24.889155,60.161095],[24.889087,60.161074]],[[24.889087,60.161074],[24.888845,60.161048],[24.888776,60.161041],[24.888514,60.160998]],[[24.888514,60.160998],[24.888073,60.160955],[24.887715,60.160921],[24.887592,60.160909]],[[24.887592,60.160909],[24.887367,60.160888],[24.887203,60.160872]],[[24.887203,60.160872],[24.886501,60.160809],[24.886426,60.160802],[24.886379,60.160798],[24.88635,60.160795]],[[24.88635,60.160795],[24.886326,60.160794],[24.88612,60.160776],[24.885731,60.160739]],[[24.885731,60.160739],[24.885688,60.160735],[24.88554,60.160722],[24.885452,60.160714],[24.885335,60.160704],[24.885295,60.1607],[24.885118,60.160685]],[[24.885118,60.160685],[24.884934,60.16067],[24.884044,60.160594],[24.883999,60.16059],[24.883948,60.160584],[24.88379,60.160571],[24.883092,60.160508],[24.882922,60.160497],[24.882251,60.160432]],[[24.882251,60.160432],[24.882202,60.160427],[24.882163,60.160424],[24.882003,60.160409],[24.881593,60.160372],[24.881251,60.160363]],[[24.881251,60.160363],[24.880947,60.160375],[24.880748,60.160384],[24.880593,60.160396],[24.880479,60.160407],[24.880258,60.160426],[24.880109,60.160441],[24.87994,60.160459],[24.879821,60.160469],[24.87948,60.160497],[24.879425,60.160503]],[[24.879425,60.160503],[24.879329,60.160513],[24.87923,60.160523],[24.879216,60.160524],[24.878898,60.160558],[24.878635,60.160585],[24.87851,60.160597]],[[24.87851,60.160597],[24.878467,60.160601],[24.878428,60.160606],[24.878366,60.160613],[24.878249,60.160627],[24.878173,60.160634],[24.878134,60.16064],[24.87798,60.16066],[24.877899,60.160671],[24.877715,60.160698]],[[24.877715,60.160698],[24.877476,60.160735]],[[24.877476,60.160735],[24.877401,60.160743],[24.87707,60.160778]],[[24.87707,60.160778],[24.876997,60.160786],[24.876939,60.160792],[24.876824,60.160806],[24.876793,60.16081],[24.876753,60.160814]],[[24.876753,60.160814],[24.876318,60.160896],[24.875782,60.160958],[24.875653,60.160973],[24.875587,60.160982],[24.875385,60.161]],[[24.875385,60.161],[24.875155,60.161022]],[[24.875155,60.161022],[24.875088,60.161028]],[[24.875088,60.161028],[24.874974,60.161038]],[[24.874974,60.161038],[24.874901,60.161044],[24.874716,60.161058],[24.8745,60.161063],[24.874464,60.161064],[24.874223,60.16107],[24.87419,60.161071],[24.874177,60.161072]],[[24.874177,60.161072],[24.874076,60.161082],[24.87393,60.161096]],[[24.87393,60.161096],[24.87386,60.161104],[24.873698,60.16112],[24.873006,60.16119],[24.872865,60.161205],[24.872714,60.161222],[24.87221,60.161275],[24.872045,60.1613]],[[24.872045,60.1613],[24.871846,60.16132]],[[24.871846,60.16132],[24.871752,60.16133],[24.87155,60.161351],[24.871365,60.161369],[24.870426,60.161461],[24.870204,60.161484]],[[24.870204,60.161484],[24.870048,60.161501],[24.869482,60.161561],[24.869156,60.161593],[24.868561,60.161653]],[[24.868561,60.161653],[24.868447,60.161742]],[[24.868447,60.161742],[24.867719,60.161823],[24.867687,60.161828],[24.867379,60.161869],[24.86698,60.161924],[24.866346,60.16201],[24.866226,60.162023],[24.866126,60.16203],[24.865602,60.162055],[24.865399,60.162064],[24.865254,60.162054],[24.864884,60.16207],[24.86451,60.162086],[24.8643,60.162095],[24.863859,60.162121],[24.863398,60.162151],[24.862883,60.162199],[24.862382,60.162253],[24.861881,60.162312],[24.86141,60.162369],[24.861286,60.162391]],[[24.861286,60.162391],[24.861148,60.162351]],[[24.861148,60.162351],[24.860829,60.162396],[24.860699,60.162418],[24.860503,60.162452],[24.860262,60.162496],[24.860212,60.162505]],[[24.860212,60.162505],[24.860088,60.16256],[24.860065,60.162565],[24.859847,60.162611]],[[24.859847,60.162611],[24.859584,60.162675]],[[24.859584,60.162675],[24.859462,60.162706],[24.859383,60.162734],[24.859286,60.162755]],[[24.859286,60.162755],[24.859291,60.162744],[24.859308,60.162708],[24.859345,60.162682],[24.859392,60.162659],[24.859536,60.162622]],[[24.859536,60.162622],[24.859736,60.162572]],[[24.859736,60.162572],[24.859858,60.162543]],[[24.859858,60.162543],[24.860018,60.162508],[24.860048,60.162502],[24.860212,60.162505]],[[24.861467,60.162306],[24.861148,60.162351]],[[24.864882,60.162009],[24.864497,60.162027],[24.864072,60.16205],[24.863271,60.1621],[24.862718,60.162154],[24.862371,60.162194],[24.861895,60.162252],[24.861467,60.162306]],[[24.867693,60.161742],[24.867507,60.161766],[24.86733,60.16179],[24.866939,60.161843],[24.866821,60.161859],[24.866486,60.161904],[24.866264,60.161933],[24.866034,60.161953],[24.865961,60.161957],[24.865576,60.16198],[24.864882,60.162009]],[[24.868419,60.161666],[24.868293,60.161678],[24.867693,60.161742]],[[24.868561,60.161653],[24.868419,60.161666]],[[24.874177,60.161072],[24.874221,60.161062],[24.87442,60.16103],[24.874589,60.16101],[24.874754,60.160991],[24.874875,60.160977],[24.874945,60.16097]],[[24.874945,60.16097],[24.875127,60.160947]],[[24.875127,60.160947],[24.875355,60.160929]],[[24.875355,60.160929],[24.87538,60.160927]],[[24.87538,60.160927],[24.87556,60.160913]],[[24.87556,60.160913],[24.875624,60.160905],[24.876291,60.160831],[24.876753,60.160814]],[[24.888514,60.160998],[24.889055,60.161021]],[[24.889055,60.161021],[24.889159,60.161011],[24.889218,60.160993]],[[24.889218,60.160993],[24.889353,60.160973],[24.889516,60.160966]],[[24.889516,60.160966],[24.889644,60.160984],[24.890208,60.161025],[24.890422,60.161048],[24.890765,60.161085],[24.891222,60.161134],[24.891533,60.161171],[24.891913,60.16122],[24.891959,60.161227]],[[24.891959,60.161227],[24.892059,60.161242]],[[24.892059,60.161242],[24.892174,60.161261]],[[24.892174,60.161261],[24.892296,60.161282]],[[24.892296,60.161282],[24.892576,60.161329],[24.892668,60.161326],[24.893005,60.161376]],[[24.889516,60.160966],[24.889644,60.160984],[24.890208,60.161025],[24.890422,60.161048],[24.890765,60.161085],[24.891222,60.161134],[24.891533,60.161171],[24.891913,60.16122],[24.891959,60.161227]],[[24.891959,60.161227],[24.892059,60.161242]],[[24.892059,60.161242],[24.892174,60.161261]],[[24.892174,60.161261],[24.892296,60.161282]],[[24.892296,60.161282],[24.892576,60.161329],[24.892668,60.161326],[24.893005,60.161376]],[[24.893005,60.161376],[24.893195,60.161407],[24.893705,60.161528],[24.893771,60.161542],[24.893896,60.161564],[24.894615,60.161657],[24.894826,60.161684]],[[24.894826,60.161684],[24.895931,60.161831],[24.896107,60.161855],[24.900619,60.162454]]]}},{"type":"Feature","properties":{"name":"Malminrinne"},"geometry":{"type":"MultiLineString","coordinates":[[[24.930959,60.167408],[24.930977,60.167335],[24.930976,60.167303],[24.930698,60.166734]],[[24.930762,60.166588],[24.930834,60.166718],[24.930871,60.166786],[24.930874,60.166791],[24.931128,60.167283]],[[24.931128,60.167283],[24.931145,60.167316],[24.931189,60.167386]]]}},{"type":"Feature","properties":{"name":"Mannerheimintie"},"geometry":{"type":"MultiLineString","coordinates":[[[24.937895,60.169946],[24.937996,60.169919],[24.938023,60.16991],[24.938092,60.169866]],[[24.938092,60.169866],[24.938131,60.169841]],[[24.938131,60.169841],[24.93818,60.169819],[24.938203,60.169808],[24.938215,60.169803],[24.938224,60.169798],[24.938244,60.169789],[24.938271,60.169776],[24.938296,60.169765],[24.938341,60.169744]],[[24.938341,60.169744],[24.93847,60.169661],[24.938519,60.16963]],[[24.938519,60.16963],[24.938817,60.169426],[24.939419,60.169028],[24.93947,60.169006],[24.939535,60.16898],[24.939628,60.168918],[24.939714,60.168862],[24.939754,60.16881],[24.939791,60.168777],[24.940329,60.168416],[24.9405,60.168308]],[[24.9405,60.168308],[24.940571,60.168264],[24.940608,60.168243]],[[24.940608,60.168243],[24.940633,60.168232],[24.940662,60.168213],[24.940711,60.168179]],[[24.940711,60.168179],[24.941241,60.16782],[24.941233,60.16777],[24.94146,60.167618],[24.941546,60.167609],[24.941662,60.167539],[24.941689,60.167518]],[[24.941689,60.167518],[24.941739,60.167486],[24.941803,60.16744]],[[24.941803,60.16744],[24.941921,60.167345],[24.942038,60.167267]],[[24.942038,60.167267],[24.942328,60.167074]],[[24.942328,60.167074],[24.942456,60.166988],[24.94259,60.166912],[24.943013,60.16663],[24.943032,60.166618],[24.943118,60.166616]],[[24.943201,60.166559],[24.943232,60.166539],[24.943271,60.166514]],[[24.943271,60.166514],[24.943275,60.166511],[24.943341,60.166461]],[[24.943341,60.166461],[24.94355,60.166536],[24.943596,60.166553],[24.943663,60.166579],[24.9437,60.166601]],[[24.9437,60.166601],[24.943707,60.166614],[24.943706,60.166629]],[[24.943706,60.166629],[24.9437,60.166656],[24.943697,60.166677]],[[24.943697,60.166677],[24.943681,60.166688],[24.943655,60.166706],[24.943615,60.16673],[24.943573,60.166751],[24.943504,60.166789],[24.943413,60.166836],[24.943292,60.166851]],[[24.943292,60.166851],[24.943092,60.166979],[24.942987,60.167046]],[[24.942987,60.167046],[24.942851,60.167136],[24.942365,60.167459],[24.94231,60.167492],[24.942184,60.167576]],[[24.942184,60.167576],[24.942041,60.167672],[24.941956,60.167726]],[[24.941956,60.167726],[24.9416,60.16796]],[[24.9416,60.16796],[24.941494,60.168055],[24.94115,60.168283]],[[24.94115,60.168283],[24.941084,60.168325],[24.94099,60.168385]],[[24.94099,60.168385],[24.940906,60.168438],[24.940854,60.168472],[24.940832,60.168486]],[[24.940832,60.168486],[24.940792,60.168511],[24.940722,60.168555],[24.940705,60.168566]],[[24.940705,60.168566],[24.940209,60.1689]],[[24.940209,60.1689],[24.94011,60.168982]],[[24.94011,60.168982],[24.94,60.169062],[24.939936,60.169103],[24.939821,60.169165]],[[24.939821,60.169165],[24.939679,60.169242],[24.939524,60.169345]],[[24.939524,60.169345],[24.938933,60.169732],[24.938828,60.1698],[24.938731,60.169877]],[[24.938731,60.169877],[24.938681,60.169913],[24.938645,60.169936],[24.938611,60.169958],[24.938572,60.169982]],[[24.938572,60.169982],[24.938545,60.170001],[24.938475,60.170048],[24.938379,60.170113],[24.938272,60.170186]],[[24.938272,60.170186],[24.938012,60.170363]],[[24.938012,60.170363],[24.937733,60.170552]],[[24.937733,60.170552],[24.937532,60.170684],[24.937443,60.170742]],[[24.937443,60.170742],[24.937378,60.170783]],[[24.937378,60.170783],[24.937308,60.170826]],[[24.937308,60.170826],[24.937334,60.170898],[24.937347,60.170932],[24.937356,60.170955]],[[24.937356,60.170955],[24.937275,60.171014],[24.937108,60.171149],[24.936654,60.171309],[24.936477,60.171352]],[[24.936477,60.171352],[24.936246,60.171432],[24.936164,60.171461],[24.935953,60.171565],[24.935895,60.171603]],[[24.935895,60.171603],[24.935848,60.171637],[24.935122,60.172405],[24.935064,60.172463],[24.934371,60.173168],[24.934324,60.173243]],[[24.934324,60.173243],[24.934313,60.173304]],[[24.934313,60.173304],[24.933937,60.173645],[24.933895,60.173705],[24.933876,60.173724],[24.933871,60.173737]],[[24.933871,60.173737],[24.933861,60.173768],[24.933826,60.173847],[24.933806,60.173973]],[[24.933806,60.173973],[24.933785,60.174011],[24.933678,60.174139],[24.933618,60.174187],[24.93346,60.174309],[24.933326,60.174414],[24.933276,60.174462],[24.933067,60.17469],[24.932977,60.174769],[24.932911,60.174846],[24.932251,60.175491],[24.932182,60.17555],[24.93216,60.175567],[24.931328,60.176244]],[[24.931328,60.176244],[24.93118,60.17627]],[[24.93118,60.17627],[24.93111,60.176326]],[[24.93111,60.176326],[24.931029,60.176389]],[[24.931029,60.176389],[24.931045,60.176465],[24.930502,60.176922],[24.930307,60.177122],[24.930206,60.177219],[24.930011,60.177459],[24.930012,60.177486]],[[24.930012,60.177486],[24.929987,60.177526]],[[24.929987,60.177526],[24.929868,60.177695],[24.929801,60.177804],[24.929723,60.177969]],[[24.929723,60.177969],[24.929703,60.178009],[24.929581,60.178249],[24.929416,60.178573],[24.929274,60.178853],[24.929221,60.178956],[24.929124,60.179101],[24.929048,60.17925],[24.928613,60.180096]],[[24.928613,60.180096],[24.928587,60.180161],[24.928506,60.180307],[24.928401,60.180525],[24.928375,60.180566],[24.928359,60.180594],[24.928347,60.180628],[24.928317,60.18087],[24.928293,60.180939],[24.928254,60.180994],[24.928033,60.181418],[24.927918,60.181607],[24.927903,60.181635],[24.927884,60.181667],[24.927872,60.181694],[24.927875,60.181712]],[[24.927884,60.181667],[24.927764,60.181753],[24.927725,60.181781],[24.927691,60.181802],[24.927629,60.181844],[24.927615,60.181854],[24.927588,60.181872],[24.927581,60.181876],[24.927495,60.181936],[24.927431,60.181979],[24.92738,60.182009]],[[24.92738,60.182009],[24.927259,60.182086],[24.926843,60.182354],[24.926677,60.182464],[24.926648,60.18248],[24.926579,60.182518],[24.926513,60.182541],[24.926406,60.182581],[24.926399,60.182583],[24.926237,60.182648],[24.925276,60.183269],[24.924446,60.183818],[24.924267,60.183848]],[[24.924267,60.183848],[24.924239,60.183866],[24.92417,60.183905]],[[24.92417,60.183905],[24.924073,60.183962]],[[24.924073,60.183962],[24.923998,60.184006],[24.923941,60.184039],[24.923858,60.184092]],[[24.923858,60.184092],[24.923877,60.184172],[24.923636,60.184342],[24.922334,60.18521],[24.922179,60.18522]],[[24.922179,60.18522],[24.922103,60.185276],[24.922027,60.185334]],[[24.922027,60.185334],[24.921937,60.185401],[24.921899,60.18543]],[[24.921899,60.18543],[24.921928,60.185473],[24.92145,60.185828],[24.919855,60.187012],[24.919709,60.187049]],[[24.919709,60.187049],[24.919552,60.187179],[24.919535,60.187195]],[[24.919535,60.187195],[24.919555,60.187229],[24.919058,60.187727],[24.918812,60.187977],[24.918735,60.187978]],[[24.918735,60.187978],[24.918644,60.188069]],[[24.918644,60.188069],[24.918629,60.188084],[24.918575,60.188141],[24.918507,60.188211]],[[24.918507,60.188211],[24.9184,60.188322]],[[24.9184,60.188322],[24.918378,60.188406],[24.917842,60.188898],[24.91765,60.189055],[24.916873,60.189582],[24.916834,60.189608]],[[24.916834,60.189608],[24.916742,60.189672],[24.916674,60.189718],[24.91664,60.189743],[24.916602,60.189773],[24.916562,60.189819]],[[24.916562,60.189819],[24.916508,60.189839],[24.916444,60.189866],[24.916362,60.189901],[24.914951,60.190528],[24.91459,60.190691],[24.914456,60.190751],[24.913288,60.191279],[24.913222,60.191319],[24.913083,60.191367],[24.912989,60.191401],[24.912787,60.191475],[24.912709,60.191501],[24.912456,60.191586],[24.912296,60.191638],[24.912246,60.191655],[24.911994,60.191739],[24.911897,60.191771],[24.911647,60.191853],[24.910922,60.192108],[24.910855,60.192132],[24.910801,60.192151],[24.910596,60.19222],[24.91046,60.192269],[24.910064,60.19242],[24.909574,60.192588],[24.909082,60.192766],[24.908843,60.192852],[24.90869,60.192907],[24.908428,60.193001]],[[24.908428,60.193001],[24.908245,60.193062]],[[24.908245,60.193062],[24.907953,60.193166],[24.907916,60.193179],[24.907874,60.193193],[24.907603,60.193289],[24.907484,60.193333],[24.906683,60.193608],[24.906543,60.193656],[24.906434,60.193693],[24.906398,60.193705],[24.905815,60.193906],[24.90552,60.194008],[24.905462,60.194027],[24.905047,60.194171],[24.904655,60.194305],[24.904298,60.194428],[24.904247,60.194448],[24.904142,60.194481],[24.904013,60.194527],[24.903921,60.19456],[24.9038,60.194637],[24.903464,60.194752],[24.903286,60.194825],[24.903112,60.194904],[24.902918,60.195006],[24.90263,60.195189],[24.902508,60.195275],[24.902501,60.195278],[24.902402,60.19533],[24.902356,60.195361],[24.902107,60.195569],[24.902016,60.195669],[24.901929,60.195785],[24.901912,60.195822]],[[24.901912,60.195822],[24.901871,60.196201]],[[24.901871,60.196201],[24.901868,60.196302],[24.901867,60.196372],[24.901881,60.196395]],[[24.901881,60.196395],[24.901822,60.19649]],[[24.901822,60.19649],[24.901787,60.196536],[24.901768,60.196559],[24.901743,60.196593],[24.901707,60.196695],[24.901634,60.197296]],[[24.901634,60.197296],[24.901614,60.197518],[24.901625,60.197559],[24.901645,60.197602],[24.901645,60.197732],[24.901645,60.197799],[24.901634,60.197932],[24.90162,60.198101],[24.901547,60.198612],[24.901534,60.198669],[24.901503,60.198739]],[[24.901503,60.198739],[24.901471,60.198803],[24.901438,60.198859],[24.901378,60.198938],[24.899931,60.200612],[24.899844,60.200729],[24.899788,60.200823],[24.899742,60.200924],[24.899695,60.201026],[24.899662,60.201158],[24.899643,60.201259],[24.89963,60.201393],[24.899574,60.202387],[24.899581,60.202524],[24.899548,60.203038]],[[24.899548,60.203038],[24.899558,60.203082],[24.899588,60.203133]],[[24.899588,60.203133],[24.899561,60.203184],[24.899548,60.2032],[24.899541,60.203209],[24.899526,60.203227],[24.899518,60.203256],[24.899507,60.203295],[24.899503,60.203329],[24.899498,60.20335]],[[24.899498,60.20335],[24.899474,60.203365],[24.899457,60.203603],[24.899452,60.203653]],[[24.899452,60.203653],[24.899416,60.204055],[24.899396,60.204542]],[[24.899396,60.204542],[24.899394,60.20455],[24.899387,60.204605],[24.899383,60.20466],[24.899378,60.204706]],[[24.899378,60.204706],[24.899372,60.204895],[24.899367,60.20495],[24.899332,60.205445],[24.899321,60.205511],[24.899313,60.205587],[24.899381,60.206611]],[[24.899381,60.206611],[24.899475,60.206989],[24.899504,60.207341],[24.899536,60.20773],[24.899541,60.207806],[24.899552,60.207827],[24.899582,60.207849],[24.899615,60.207862]],[[24.898845,60.207592],[24.898839,60.207509],[24.898822,60.207291]],[[24.898822,60.207291],[24.898822,60.207235],[24.898804,60.206969]],[[24.898804,60.206969],[24.898907,60.206785],[24.898844,60.205585],[24.898932,60.204295]],[[24.898932,60.204295],[24.89894,60.203979],[24.898926,60.203919],[24.898904,60.20388],[24.898842,60.20382]],[[24.898842,60.20382],[24.898844,60.203671],[24.898836,60.203558]],[[24.898836,60.203558],[24.898877,60.203506],[24.898913,60.203452],[24.898937,60.203379],[24.898942,60.203303],[24.898945,60.203251],[24.898945,60.203245],[24.898947,60.203219],[24.898947,60.203209],[24.898951,60.203144],[24.898957,60.203027],[24.898884,60.20295]],[[24.898884,60.20295],[24.89889,60.202812]],[[24.89889,60.202812],[24.898914,60.202775],[24.898923,60.202494],[24.89893,60.202429],[24.898944,60.202399],[24.898951,60.20238],[24.898974,60.20236],[24.899004,60.202344],[24.899024,60.202326],[24.899027,60.202306],[24.899045,60.202031],[24.899087,60.201286],[24.899101,60.201154],[24.899127,60.201046],[24.899169,60.200932],[24.899238,60.200769],[24.89931,60.200663],[24.899676,60.200198],[24.900727,60.198976],[24.900815,60.198844],[24.900832,60.198792]],[[24.900832,60.198792],[24.900856,60.198757],[24.900902,60.198701]],[[24.900902,60.198701],[24.900939,60.198643],[24.900968,60.198583]],[[24.900968,60.198583],[24.90098,60.198562],[24.901002,60.198396],[24.901043,60.198089],[24.901055,60.197842],[24.901061,60.197707],[24.901067,60.197672],[24.901077,60.197615],[24.901102,60.197578],[24.901141,60.197538],[24.901181,60.197492],[24.901195,60.197321],[24.901182,60.197276],[24.901145,60.197182],[24.901132,60.197124],[24.901182,60.196724],[24.901187,60.196683],[24.901193,60.196632],[24.901217,60.19652],[24.901248,60.196381],[24.901247,60.196316],[24.901269,60.195973],[24.901263,60.195933],[24.901252,60.195902],[24.901163,60.19574],[24.901032,60.195502],[24.901012,60.195462],[24.901004,60.195423],[24.901,60.195378],[24.901006,60.195336],[24.901069,60.195265],[24.901128,60.195206],[24.901174,60.195189],[24.901656,60.19502],[24.901803,60.19497],[24.902037,60.194889],[24.90214,60.194852],[24.902371,60.19477],[24.902503,60.194724],[24.902789,60.194627],[24.903098,60.194521],[24.903704,60.194313],[24.903846,60.194264],[24.903982,60.194214],[24.903988,60.194212],[24.90424,60.194124],[24.904642,60.193983],[24.904913,60.193888],[24.905253,60.193769],[24.905603,60.193646],[24.905881,60.193549],[24.905985,60.193515],[24.906088,60.193481],[24.906114,60.193471],[24.907186,60.193095],[24.907378,60.193028],[24.908122,60.192769],[24.908161,60.192754],[24.908216,60.192732]],[[24.908216,60.192732],[24.908282,60.192708],[24.908308,60.192699],[24.908766,60.192539],[24.909105,60.192421],[24.909505,60.192282],[24.909847,60.192163],[24.909872,60.192154],[24.909962,60.192124],[24.91015,60.192057],[24.910224,60.192031],[24.910242,60.192024],[24.910297,60.192006],[24.910885,60.191788],[24.911333,60.191635],[24.912163,60.191364],[24.912375,60.19129],[24.912466,60.191265]],[[24.912466,60.191265],[24.912564,60.191239],[24.912694,60.191188],[24.912832,60.191135],[24.912907,60.191107],[24.91306,60.19105],[24.91321,60.190985]],[[24.91321,60.190985],[24.913342,60.190925],[24.913346,60.190892]],[[24.913346,60.190892],[24.913694,60.190734],[24.914337,60.190451],[24.914593,60.190337],[24.9149,60.190209],[24.91521,60.19006],[24.915486,60.189938],[24.915907,60.189752],[24.916002,60.189711]],[[24.916002,60.189711],[24.916149,60.189647]],[[24.916149,60.189647],[24.91626,60.189619],[24.916315,60.189602],[24.916404,60.189556]],[[24.916404,60.189556],[24.91648,60.189509],[24.917069,60.189106],[24.917343,60.189003]],[[24.917343,60.189003],[24.917467,60.188909]],[[24.917467,60.188909],[24.917576,60.188821],[24.917613,60.188786]],[[24.917613,60.188786],[24.917648,60.188669],[24.918107,60.188247],[24.918278,60.188172]],[[24.918278,60.188172],[24.918429,60.188015]],[[24.918429,60.188015],[24.918513,60.187917]],[[24.918513,60.187917],[24.918591,60.187839],[24.918661,60.187772]],[[24.918661,60.187772],[24.918629,60.187729],[24.918907,60.187455],[24.919245,60.187124],[24.919335,60.187118]],[[24.919335,60.187118],[24.919525,60.186976]],[[24.919525,60.186976],[24.919617,60.18691]],[[24.919617,60.18691],[24.919619,60.186844],[24.919729,60.186758],[24.919973,60.186582],[24.920179,60.186423],[24.920696,60.186022],[24.921082,60.185714],[24.921278,60.185558],[24.921396,60.185465]],[[24.921232,60.185663],[24.921348,60.185572],[24.921425,60.185514]],[[24.921396,60.185465],[24.921575,60.185337],[24.92169,60.185319]],[[24.92169,60.185319],[24.921795,60.185249]],[[24.921795,60.185249],[24.921884,60.185192]],[[24.921884,60.185192],[24.921888,60.18514],[24.92356,60.184054],[24.923631,60.184055]],[[24.923631,60.184055],[24.923643,60.184047],[24.923739,60.183985]],[[24.923739,60.183985],[24.923772,60.183964],[24.92383,60.183932],[24.92391,60.183889]],[[24.92391,60.183889],[24.923999,60.18384]],[[24.923999,60.18384],[24.924066,60.183802],[24.924093,60.183785]],[[24.924093,60.183785],[24.924087,60.183678],[24.924508,60.183408],[24.924565,60.183371],[24.92474,60.183357]],[[24.92474,60.183357],[24.924818,60.183304],[24.924925,60.183237],[24.924986,60.1832],[24.925027,60.183174],[24.925075,60.183141]],[[24.925075,60.183141],[24.925094,60.18306],[24.925984,60.182468],[24.926104,60.182397],[24.926165,60.182358],[24.926289,60.182272],[24.92679,60.181941],[24.926897,60.181937]],[[24.926897,60.181937],[24.926929,60.181918],[24.926988,60.181879],[24.92711,60.181801],[24.927157,60.181768],[24.927166,60.18176]],[[24.927166,60.18176],[24.927208,60.181728],[24.927214,60.181722],[24.927239,60.181699],[24.927286,60.181656]],[[24.927286,60.181656],[24.92733,60.181613]],[[24.927222,60.181571],[24.927267,60.181506],[24.927283,60.18147],[24.927421,60.18123],[24.927837,60.180498],[24.927855,60.180466]],[[24.927855,60.180466],[24.927881,60.180416],[24.927903,60.180377]],[[24.927903,60.180377],[24.92798,60.18025],[24.928236,60.179746],[24.928542,60.179169],[24.928756,60.178749],[24.92886,60.17871]],[[24.92886,60.17871],[24.928907,60.178592],[24.928947,60.17851],[24.9292,60.178027]],[[24.9292,60.178027],[24.929237,60.177954]],[[24.929237,60.177954],[24.92928,60.177864]],[[24.92928,60.177864],[24.929239,60.177785],[24.92935,60.177569],[24.929361,60.177548]],[[24.929361,60.177548],[24.929385,60.177485],[24.929415,60.177447],[24.929447,60.177413],[24.929556,60.177312],[24.930501,60.176548],[24.93069,60.176388],[24.930842,60.176335]],[[24.930842,60.176335],[24.930919,60.17627]],[[24.930919,60.17627],[24.930989,60.176213]],[[24.930989,60.176213],[24.93096,60.176149],[24.931482,60.175691],[24.931762,60.175444],[24.932217,60.174979],[24.932267,60.174925],[24.93253,60.174655],[24.932848,60.17434],[24.932877,60.1743],[24.932921,60.174192],[24.932936,60.174156],[24.932958,60.174115],[24.933086,60.173975],[24.933229,60.173856],[24.933346,60.173729],[24.933502,60.17354],[24.93377,60.173338],[24.93384,60.173265],[24.934649,60.172447],[24.934675,60.172426],[24.934766,60.172348],[24.934865,60.17232]],[[24.934865,60.17232],[24.935028,60.172157]],[[24.935028,60.172157],[24.935734,60.171419]],[[24.935734,60.171419],[24.935764,60.171387],[24.935813,60.171336]],[[24.935943,60.17121],[24.936002,60.171165],[24.936022,60.171149],[24.936045,60.171136],[24.936138,60.171083]],[[24.935813,60.171336],[24.935835,60.171315],[24.935886,60.171265],[24.935943,60.17121]],[[24.92928,60.177864],[24.929313,60.177804],[24.929362,60.177706],[24.929394,60.177653],[24.929439,60.17759],[24.929521,60.1775]],[[24.929521,60.1775],[24.929601,60.177435]],[[24.917613,60.188786],[24.917648,60.188669],[24.918107,60.188247],[24.918278,60.188172]]]}},{"type":"Feature","properties":{"name":"Mechelininkatu"},"geometry":{"type":"MultiLineString","coordinates":[[[24.916772,60.179168],[24.916569,60.179608]],[[24.916569,60.179608],[24.91655,60.179652],[24.91652,60.179727],[24.916197,60.180369],[24.916126,60.180462],[24.916085,60.180519],[24.916111,60.180549]],[[24.916111,60.180549],[24.916067,60.180597],[24.915993,60.180679],[24.915935,60.180785],[24.915782,60.181129],[24.915722,60.181288],[24.915664,60.181472],[24.915663,60.181516],[24.915684,60.181555],[24.91568,60.181585],[24.915649,60.181632],[24.915636,60.181656],[24.915624,60.181692],[24.915602,60.181813],[24.915577,60.181986],[24.915551,60.18215],[24.915556,60.182183],[24.91555,60.18239],[24.91555,60.182534],[24.915573,60.182695],[24.915602,60.182986],[24.915678,60.183336]],[[24.915678,60.183336],[24.915697,60.183361],[24.915713,60.183402],[24.915724,60.183434],[24.91573,60.183448]],[[24.91573,60.183448],[24.915805,60.183616],[24.916272,60.184901]],[[24.916272,60.184901],[24.916302,60.184978]],[[24.916302,60.184978],[24.916373,60.185023],[24.916489,60.185083]],[[24.916489,60.185083],[24.916638,60.185128]],[[24.916302,60.184978],[24.916269,60.185024],[24.916213,60.185094],[24.916133,60.185158],[24.916041,60.185201]],[[24.916041,60.185201],[24.915961,60.185233],[24.915883,60.185253],[24.91582,60.185263],[24.915781,60.185268],[24.915715,60.185276]],[[24.915715,60.185276],[24.915624,60.185283]],[[24.916305,60.18541],[24.916152,60.185368],[24.916054,60.185327],[24.916,60.185285],[24.91597,60.185252],[24.915961,60.185233],[24.915946,60.185201]],[[24.915946,60.185201],[24.915939,60.185157],[24.915943,60.185116],[24.915955,60.185085]],[[24.915955,60.185085],[24.915894,60.185018],[24.915906,60.184928]],[[24.915906,60.184928],[24.915852,60.184743],[24.915807,60.184605],[24.915791,60.184561],[24.915611,60.184054],[24.915589,60.183996],[24.915368,60.183483]],[[24.915368,60.183483],[24.915355,60.183431],[24.915343,60.183375]],[[24.915343,60.183375],[24.915322,60.183294],[24.915302,60.183216],[24.915302,60.183193],[24.915302,60.183171],[24.915315,60.183124],[24.915313,60.18306],[24.915279,60.182974]],[[24.915279,60.182974],[24.915417,60.182846]],[[24.915409,60.1822],[24.915396,60.182546],[24.915417,60.182846]],[[24.915409,60.1822],[24.915252,60.182015]],[[24.915252,60.182015],[24.915254,60.18198],[24.915255,60.181956],[24.915288,60.181809],[24.91538,60.181317],[24.915447,60.181144],[24.915593,60.180799],[24.915693,60.180582]],[[24.915693,60.180582],[24.915812,60.180508]],[[24.915812,60.180508],[24.915811,60.180444],[24.915813,60.180401],[24.915829,60.180323],[24.915925,60.18009]],[[24.915925,60.18009],[24.916059,60.179795]],[[24.916059,60.179795],[24.916114,60.17968],[24.916149,60.179601]],[[24.916149,60.179601],[24.916112,60.179547],[24.916092,60.17952]],[[24.916092,60.17952],[24.916104,60.179492],[24.916507,60.178598],[24.91663,60.178338],[24.916885,60.177794],[24.916904,60.17776],[24.916922,60.177721],[24.917317,60.176858]],[[24.917317,60.176858],[24.91746,60.176768]],[[24.91746,60.176768],[24.917488,60.176709]],[[24.917488,60.176709],[24.917526,60.176628],[24.917667,60.176331],[24.917827,60.176015],[24.917844,60.175977]],[[24.917844,60.175977],[24.917854,60.175954],[24.917865,60.175929]],[[24.917865,60.175929],[24.9179,60.17586]],[[24.9179,60.17586],[24.917936,60.175786],[24.917943,60.175774]],[[24.917943,60.175774],[24.918288,60.175148],[24.918302,60.17512],[24.91833,60.175066],[24.91838,60.174974]],[[24.91838,60.174974],[24.918436,60.174866]],[[24.918436,60.174866],[24.918841,60.174104]],[[24.918841,60.174104],[24.918922,60.173944],[24.918955,60.173876],[24.918976,60.173836],[24.918989,60.173809],[24.919025,60.173744],[24.919104,60.17359],[24.919155,60.173493]],[[24.919155,60.173493],[24.919174,60.17346]],[[24.919174,60.17346],[24.919308,60.173198],[24.919453,60.172928]],[[24.919453,60.172928],[24.91948,60.172879],[24.9195,60.172844],[24.919548,60.172752],[24.919562,60.172725]],[[24.919562,60.172725],[24.919695,60.172471],[24.920085,60.171714]],[[24.920085,60.171714],[24.920111,60.171653],[24.920137,60.171574]],[[24.920137,60.171574],[24.920173,60.171471]],[[24.920173,60.171471],[24.920231,60.171295]],[[24.920231,60.171295],[24.920355,60.170879]],[[24.920355,60.170879],[24.920402,60.170726],[24.920431,60.170634]],[[24.920431,60.170634],[24.920448,60.170577],[24.920544,60.170267]],[[24.920544,60.170267],[24.920485,60.170185],[24.920468,60.17015],[24.920463,60.170133]],[[24.920463,60.170133],[24.92048,60.170073],[24.920499,60.169997]],[[24.920499,60.169997],[24.920504,60.169979],[24.92053,60.169893],[24.920546,60.169855]],[[24.920546,60.169855],[24.920558,60.169832],[24.920577,60.169803]],[[24.920577,60.169803],[24.92062,60.169778],[24.92065,60.169752],[24.920677,60.169712],[24.920688,60.169676],[24.920753,60.16919],[24.920743,60.169176],[24.920738,60.169163],[24.920746,60.169123],[24.92075,60.169101],[24.920761,60.169076],[24.920766,60.169055],[24.920801,60.168763],[24.920804,60.168739],[24.920805,60.168718],[24.920826,60.168571],[24.920901,60.167972],[24.920905,60.167938],[24.920936,60.167719]],[[24.921773,60.163662],[24.9216,60.163722],[24.92155,60.163744],[24.921537,60.163777],[24.921548,60.163831],[24.921529,60.163994],[24.921542,60.164023]],[[24.921542,60.164023],[24.92153,60.164082],[24.921497,60.164229],[24.921484,60.164425],[24.921488,60.164471]],[[24.921488,60.164471],[24.921491,60.164495],[24.921498,60.16457],[24.921491,60.16479],[24.921481,60.164824],[24.921468,60.164857]],[[24.921468,60.164857],[24.921458,60.164882],[24.921422,60.165088],[24.9214,60.16527],[24.921267,60.165994],[24.921183,60.166508],[24.921212,60.166647],[24.921252,60.166771],[24.921276,60.1668],[24.921287,60.166814],[24.921346,60.166884],[24.921479,60.167048],[24.921517,60.167141],[24.921474,60.167503],[24.921465,60.167566]],[[24.921488,60.167989],[24.921383,60.168833],[24.921332,60.169139],[24.921308,60.169187],[24.921289,60.169215]],[[24.921289,60.169215],[24.921276,60.169251],[24.921257,60.169304],[24.921113,60.16979],[24.921102,60.169825],[24.921058,60.169982]],[[24.921058,60.169982],[24.921025,60.170044],[24.920925,60.170106]],[[24.920925,60.170106],[24.920911,60.170155],[24.920869,60.170281],[24.92081,60.170462],[24.920806,60.170473],[24.920753,60.170667],[24.92066,60.170963],[24.920657,60.170972],[24.920643,60.171016],[24.920513,60.17143],[24.920498,60.171493]],[[24.920498,60.171493],[24.920471,60.171567]],[[24.920471,60.171567],[24.920416,60.171684],[24.920319,60.171868],[24.920291,60.171921]],[[24.920291,60.171921],[24.920001,60.172489],[24.919864,60.172757]],[[24.919864,60.172757],[24.919849,60.172786],[24.919814,60.172851]],[[24.919814,60.172851],[24.919779,60.172911],[24.919766,60.172937]],[[24.919766,60.172937],[24.919565,60.17331],[24.919465,60.173495]],[[24.919465,60.173495],[24.919446,60.17353],[24.919423,60.173583]],[[24.919423,60.173583],[24.919386,60.173656],[24.919366,60.173696],[24.919299,60.173826]],[[24.919299,60.173826],[24.919273,60.173878],[24.919255,60.173913],[24.919243,60.17394]],[[24.919243,60.17394],[24.919056,60.174292],[24.918903,60.174581],[24.918753,60.174864]],[[24.918753,60.174864],[24.918655,60.17505]],[[24.918655,60.17505],[24.918629,60.175102],[24.918593,60.175168],[24.918558,60.17524]],[[24.918558,60.17524],[24.918281,60.175767],[24.918261,60.175804]],[[24.918261,60.175804],[24.918248,60.175829],[24.918208,60.1759]],[[24.918208,60.1759],[24.918171,60.175971]],[[24.918171,60.175971],[24.91816,60.175994],[24.917858,60.176601],[24.917828,60.176662],[24.917791,60.176742],[24.917763,60.176804]],[[24.917763,60.176804],[24.917827,60.176908]],[[24.917827,60.176908],[24.917387,60.177853],[24.917289,60.178049],[24.916772,60.179168]],[[24.920936,60.167719],[24.92094,60.167685],[24.920941,60.167652],[24.920945,60.167626],[24.92095,60.167594],[24.921024,60.167002],[24.921013,60.166977],[24.920998,60.166955],[24.920945,60.16692],[24.920892,60.166898],[24.920856,60.166876]],[[24.920856,60.166876],[24.920843,60.16683],[24.920836,60.166792]],[[24.920836,60.166792],[24.920801,60.166759],[24.920804,60.166674],[24.92081,60.166591],[24.920967,60.165614],[24.920929,60.165425],[24.92097,60.165171],[24.92097,60.165095],[24.920965,60.165061],[24.920894,60.164938],[24.920864,60.164896],[24.920869,60.164863]],[[24.920869,60.164863],[24.920869,60.164783],[24.920864,60.164726]],[[24.920864,60.164726],[24.920856,60.164673],[24.92077,60.164508]],[[24.92077,60.164508],[24.920776,60.164427],[24.92078,60.164379],[24.92076,60.164329]],[[24.92076,60.164329],[24.920784,60.164116],[24.920821,60.163785],[24.920824,60.163716],[24.920832,60.163656]],[[24.920832,60.163656],[24.920838,60.163629],[24.920841,60.163611],[24.920842,60.163605],[24.920849,60.16357],[24.920854,60.163541],[24.920861,60.163508],[24.920872,60.16345]],[[24.921465,60.167566],[24.921463,60.167605]],[[24.921463,60.167605],[24.921462,60.1677],[24.921461,60.167737],[24.921489,60.167979],[24.921488,60.167989]]]}},{"type":"Feature","properties":{"name":"Munkkiniemen puistotie"},"geometry":{"type":"LineString","coordinates":[[24.873247,60.199102],[24.872937,60.199193],[24.872368,60.199359],[24.872141,60.199424],[24.871817,60.199515],[24.871235,60.199681],[24.870668,60.199844],[24.869948,60.200049],[24.869801,60.200091],[24.86727,60.200811],[24.866859,60.200929],[24.866779,60.200952],[24.864413,60.201625],[24.864125,60.201704],[24.863755,60.201791],[24.863432,60.201854],[24.863104,60.201912],[24.860861,60.202245],[24.857977,60.20268]]}},{"type":"Feature","properties":{"name":"Mustikkamaa"},"geometry":{"type":"MultiLineString","coordinates":[[[24.981582,60.182629],[24.981568,60.182595],[24.981556,60.182569]],[[24.981556,60.182569],[24.981692,60.182555]],[[24.981692,60.182555],[24.981781,60.182514]],[[24.981781,60.182514],[24.982276,60.182299]],[[24.981877,60.182642],[24.981808,60.182661],[24.981743,60.18268]],[[24.981937,60.18258],[24.981877,60.182642]],[[24.982276,60.182299],[24.982078,60.182449],[24.981937,60.18258]],[[24.982276,60.182299],[24.983582,60.18152]],[[24.983582,60.18152],[24.983896,60.18132]],[[24.983896,60.18132],[24.983964,60.181276],[24.984005,60.181232],[24.984051,60.181176],[24.984093,60.181123],[24.984122,60.181023],[24.984109,60.180939]],[[24.984109,60.180939],[24.984084,60.180855],[24.984049,60.180793],[24.983964,60.180715],[24.983927,60.180689],[24.983847,60.18064],[24.983791,60.180599],[24.983766,60.180532]],[[24.983766,60.180532],[24.983789,60.180478]],[[24.983789,60.180478],[24.983746,60.180436],[24.98357,60.180203],[24.983477,60.180129]],[[24.983477,60.180129],[24.983097,60.180029],[24.982979,60.179996],[24.982935,60.179965],[24.982921,60.179931],[24.982926,60.17991],[24.982951,60.179884],[24.983008,60.179851],[24.983099,60.179834],[24.983217,60.179853],[24.983279,60.179897],[24.983313,60.179938],[24.983454,60.180102]],[[24.983454,60.180102],[24.983477,60.180129]],[[24.984745,60.180795],[24.984516,60.180758],[24.984347,60.180732],[24.984213,60.180706],[24.984063,60.180663],[24.98396,60.180596],[24.983941,60.180583],[24.983789,60.180478]],[[24.9895,60.18041],[24.989024,60.180489],[24.988145,60.180612],[24.987708,60.180647],[24.98764,60.180652],[24.986651,60.180731],[24.985397,60.180815],[24.985191,60.180822],[24.985022,60.180817],[24.984848,60.180805],[24.984745,60.180795]],[[24.991631,60.180359],[24.991132,60.180363],[24.99041,60.180342],[24.990122,60.180344],[24.9899,60.180355],[24.9895,60.18041]],[[24.992886,60.181812],[24.992942,60.181686],[24.993094,60.180993],[24.993129,60.180857],[24.99315,60.18077],[24.993157,60.180677],[24.993102,60.180589],[24.992952,60.180498],[24.992794,60.18041],[24.992708,60.180379],[24.992603,60.180349],[24.992501,60.180337],[24.992377,60.180334],[24.991631,60.180359]],[[24.992787,60.182],[24.992813,60.181943],[24.992818,60.181932],[24.992886,60.181812]],[[24.993557,60.182249],[24.993378,60.18221],[24.993182,60.182143],[24.992892,60.182031],[24.992787,60.182]],[[24.995761,60.182384],[24.995707,60.182363],[24.995621,60.182339],[24.995512,60.182317],[24.995366,60.182299],[24.993695,60.182262],[24.993557,60.182249]],[[24.996108,60.182633],[24.995908,60.182471],[24.995835,60.182422],[24.995761,60.182384]],[[24.996949,60.183417],[24.996108,60.182633]],[[24.997229,60.183617],[24.997082,60.18353],[24.996949,60.183417]],[[24.998232,60.184069],[24.998177,60.184044],[24.998087,60.184003],[24.997512,60.183744],[24.997229,60.183617]],[[24.984745,60.180795],[24.984612,60.180821],[24.984398,60.180853],[24.984236,60.180889],[24.984109,60.180939]]]}},{"type":"Feature","properties":{"name":"Mäntymäentie"},"geometry":{"type":"MultiLineString","coordinates":[[[24.93154,60.184066],[24.931625,60.184057],[24.931753,60.184045],[24.931806,60.184039],[24.931914,60.184029],[24.932044,60.184016]],[[24.931361,60.184082],[24.931459,60.184073],[24.93154,60.184066]],[[24.931361,60.184082],[24.931275,60.184084],[24.931143,60.184096],[24.930981,60.18412],[24.930764,60.184186],[24.930639,60.18423],[24.930583,60.18428]],[[24.930583,60.18428],[24.930306,60.184355],[24.930092,60.184421],[24.929922,60.184461],[24.929768,60.18448],[24.929654,60.184487]],[[24.929654,60.184487],[24.928662,60.184402]],[[24.928662,60.184402],[24.928555,60.184393]],[[24.928555,60.184393],[24.928392,60.184376],[24.928324,60.18437],[24.928277,60.184367],[24.927151,60.18427],[24.927049,60.184258],[24.926734,60.184226],[24.926654,60.18422],[24.92648,60.184206],[24.926306,60.184205],[24.926166,60.184213],[24.926068,60.184235],[24.925987,60.184266],[24.925938,60.184295],[24.925891,60.184329],[24.925847,60.18436],[24.925744,60.184434],[24.925727,60.184446],[24.925689,60.184471],[24.925668,60.184485],[24.925619,60.184519],[24.925526,60.184582]]]}},{"type":"Feature","properties":{"name":"Nordenskiöldinkatu"},"geometry":{"type":"MultiLineString","coordinates":[[[24.916974,60.185766],[24.916866,60.185676],[24.916813,60.185609]],[[24.916813,60.185609],[24.916784,60.185581],[24.916749,60.185554],[24.916683,60.185519],[24.916586,60.185487]],[[24.916586,60.185487],[24.916484,60.18546],[24.916443,60.185448],[24.916305,60.18541]],[[24.916638,60.185128],[24.916778,60.185169],[24.916863,60.185195]],[[24.916863,60.185195],[24.916954,60.185248],[24.916982,60.185285],[24.916991,60.18531],[24.916978,60.185413]],[[24.916978,60.185413],[24.916962,60.185494],[24.916955,60.185536],[24.916956,60.185586]],[[24.916956,60.185586],[24.916983,60.185687],[24.916974,60.185766]],[[24.916974,60.185766],[24.917276,60.186242]],[[24.917276,60.186242],[24.917352,60.186372]],[[24.917352,60.186372],[24.917444,60.186528]],[[24.917444,60.186528],[24.917485,60.186605],[24.91753,60.186689],[24.917551,60.186727]],[[24.917551,60.186727],[24.917917,60.187334]],[[24.917917,60.187334],[24.917946,60.18738],[24.917978,60.187428]],[[24.917978,60.187428],[24.918079,60.187494]],[[24.918079,60.187494],[24.918132,60.187548],[24.918232,60.187657]],[[24.918232,60.187657],[24.918325,60.187744]],[[24.918325,60.187744],[24.918374,60.187787],[24.918425,60.187834],[24.918465,60.187869]],[[24.918465,60.187869],[24.918513,60.187917]],[[24.918513,60.187917],[24.918575,60.187988],[24.918587,60.188002],[24.918603,60.188021],[24.918633,60.188055],[24.918644,60.188069]],[[24.918644,60.188069],[24.918782,60.188201],[24.919308,60.188697],[24.919344,60.18873]],[[24.919344,60.18873],[24.919425,60.188822]],[[24.919425,60.188822],[24.919508,60.188902]],[[24.919508,60.188902],[24.919785,60.189115]],[[24.919785,60.189115],[24.919953,60.18913]],[[24.919953,60.18913],[24.920079,60.189202],[24.920262,60.189301],[24.920429,60.189402],[24.920576,60.189493],[24.920622,60.18952],[24.920796,60.189608],[24.921059,60.189734]],[[24.921059,60.189734],[24.92127,60.189834],[24.921417,60.18992],[24.921567,60.19],[24.921722,60.190083],[24.921741,60.190094],[24.921842,60.190169],[24.922187,60.190333],[24.922515,60.190478],[24.922556,60.190496],[24.922677,60.190542],[24.923253,60.190763],[24.923634,60.190885],[24.924436,60.1911]],[[24.924436,60.1911],[24.924485,60.191113],[24.924673,60.191163],[24.924696,60.191169]],[[24.924696,60.191169],[24.924709,60.191172],[24.92485,60.19121],[24.924903,60.191224],[24.924999,60.191245]],[[24.924999,60.191245],[24.92559,60.191379],[24.925628,60.191388],[24.925717,60.191408],[24.926361,60.191549],[24.926838,60.191657],[24.927011,60.191693],[24.927834,60.191868]],[[24.927834,60.191868],[24.929032,60.192089],[24.929463,60.192177],[24.929709,60.192238],[24.92997,60.192295],[24.930073,60.192312]],[[24.930073,60.192312],[24.930156,60.192324],[24.930446,60.192354],[24.930547,60.19237],[24.93085,60.192429],[24.930938,60.192455],[24.93114,60.192524],[24.931377,60.192567],[24.931625,60.192609]],[[24.931625,60.192609],[24.931714,60.192622]],[[24.931714,60.192622],[24.931758,60.19263],[24.931821,60.192642],[24.931985,60.192668],[24.932052,60.192679],[24.932089,60.192691]],[[24.932089,60.192691],[24.932146,60.192705],[24.93223,60.19272],[24.932385,60.192744]],[[24.932385,60.192744],[24.932429,60.192752],[24.932534,60.192763],[24.933002,60.192812]],[[24.933002,60.192812],[24.933286,60.192841],[24.934012,60.192917],[24.934134,60.192924],[24.934213,60.192913]],[[24.934182,60.193263],[24.934068,60.193255],[24.932882,60.193089],[24.93247,60.193051],[24.931853,60.192965]],[[24.931853,60.192965],[24.931721,60.192933],[24.931553,60.192894],[24.931434,60.192873]],[[24.931434,60.192873],[24.930991,60.192797],[24.929868,60.192603]],[[24.929868,60.192603],[24.929814,60.192602],[24.929769,60.192601],[24.929651,60.192584],[24.929445,60.192558],[24.929333,60.192543],[24.929299,60.192538],[24.929232,60.192529],[24.929167,60.19252],[24.929125,60.192515]],[[24.929125,60.192515],[24.929119,60.192497],[24.929108,60.192481],[24.929068,60.192456],[24.928997,60.192434],[24.928901,60.192417],[24.928749,60.192395],[24.928625,60.192377],[24.928533,60.192374],[24.92847,60.192366],[24.928368,60.192347],[24.928093,60.192294],[24.928037,60.192281],[24.92776,60.192192],[24.927659,60.192166],[24.926434,60.19193],[24.925697,60.191774],[24.924736,60.191559]],[[24.924736,60.191559],[24.924679,60.191562]],[[24.924679,60.191562],[24.92452,60.191525],[24.92439,60.191494]],[[24.92439,60.191494],[24.92434,60.191465],[24.924247,60.19144]],[[24.924247,60.19144],[24.923679,60.191267],[24.923624,60.191253],[24.923525,60.191212],[24.923403,60.191158],[24.923284,60.191111]],[[24.923284,60.191111],[24.923131,60.191054],[24.922895,60.190966],[24.922445,60.190774],[24.922039,60.190594],[24.921883,60.190532],[24.921721,60.190477],[24.921572,60.190418],[24.921546,60.190408],[24.921476,60.190375],[24.920756,60.190034]],[[24.920756,60.190034],[24.920642,60.18996],[24.920581,60.189912],[24.920547,60.189884],[24.920473,60.189819],[24.920419,60.189778],[24.92036,60.189744],[24.920297,60.189705],[24.920225,60.189684]],[[24.920225,60.189684],[24.92003,60.189563],[24.919746,60.189371],[24.919703,60.189342],[24.919432,60.189166]],[[24.919432,60.189166],[24.9194,60.189137],[24.919364,60.189107],[24.919363,60.189008]],[[24.919363,60.189008],[24.919287,60.188942]],[[24.919287,60.188942],[24.91919,60.188856],[24.919087,60.188765]],[[24.919087,60.188765],[24.918634,60.188342],[24.9186,60.18831],[24.918507,60.188211]],[[24.918507,60.188211],[24.918468,60.188145],[24.918455,60.188122],[24.918451,60.188106],[24.918429,60.188015]],[[24.918429,60.188015],[24.918322,60.187961],[24.918283,60.187928],[24.918248,60.187891]],[[24.918248,60.187891],[24.918109,60.187759],[24.918094,60.187685]],[[24.918094,60.187685],[24.91802,60.187615],[24.917977,60.187571],[24.917946,60.187524]],[[24.917946,60.187524],[24.917978,60.187428]],[[24.919432,60.189166],[24.919366,60.189158]],[[24.919366,60.189158],[24.9194,60.189137]],[[24.919366,60.189158],[24.919292,60.189157],[24.919154,60.189163]]]}},{"type":"Feature","properties":{"name":"Ooppera - Hammarsköldintie"},"geometry":{"type":"MultiLineString","coordinates":[[[24.929395,60.18255],[24.929481,60.182488],[24.929512,60.182465],[24.92958,60.182417],[24.92966,60.182358],[24.929694,60.182333],[24.929715,60.182316]],[[24.929715,60.182316],[24.930045,60.182061],[24.930167,60.181971],[24.930191,60.181948],[24.930591,60.181634],[24.930659,60.181579]],[[24.930659,60.181579],[24.930703,60.181533],[24.930961,60.181329],[24.931042,60.181272],[24.931091,60.181252],[24.931151,60.181233]],[[24.930659,60.181579],[24.930709,60.181584],[24.930767,60.181596],[24.930809,60.181621],[24.930819,60.181653],[24.93079,60.181696],[24.930391,60.182011],[24.930363,60.182035],[24.93024,60.182124]],[[24.93024,60.182124],[24.929953,60.182352],[24.92993,60.18237],[24.929907,60.182388]],[[24.929907,60.182388],[24.929891,60.1824],[24.92986,60.182423],[24.92978,60.182484],[24.929675,60.182517],[24.929623,60.182533],[24.929482,60.182577]],[[24.929482,60.182577],[24.929395,60.18255]],[[24.929395,60.18255],[24.929317,60.182608]],[[24.929317,60.182608],[24.929272,60.182643],[24.92913,60.182751],[24.929059,60.182808],[24.929034,60.182834],[24.928968,60.182899]],[[24.928392,60.184376],[24.928348,60.184489],[24.928152,60.18499],[24.927973,60.18546],[24.92799,60.185542]],[[24.92799,60.185542],[24.928021,60.185572],[24.92807,60.185614],[24.928245,60.185701]],[[24.929225,60.186745],[24.929272,60.186598],[24.929274,60.18652],[24.92927,60.186394],[24.929245,60.186272],[24.929215,60.186197],[24.929149,60.186089],[24.929033,60.186],[24.928905,60.185916],[24.928711,60.185828],[24.928665,60.185812],[24.928562,60.185778],[24.928245,60.185701]],[[24.928916,60.187543],[24.928953,60.18745],[24.929084,60.187123],[24.929225,60.186745]],[[24.928809,60.188198],[24.928808,60.188137],[24.928815,60.187957],[24.928856,60.187745],[24.928916,60.187543]],[[24.929088,60.188848],[24.929025,60.188753],[24.928965,60.188657],[24.928915,60.188573],[24.928875,60.188487],[24.928837,60.188359],[24.928834,60.188344],[24.928809,60.188198]],[[24.929059,60.182808],[24.928979,60.1828],[24.9285,60.182755],[24.928045,60.182715],[24.927289,60.182644],[24.927178,60.182656]]]}},{"type":"Feature","properties":{"name":"Paavo Nurmen polku - Pohjoinen Stadiontie"},"geometry":{"type":"MultiLineString","coordinates":[[[24.925507,60.189514],[24.925611,60.189289],[24.925892,60.188702],[24.925919,60.188646],[24.925967,60.188545]],[[24.927289,60.182644],[24.927276,60.182673],[24.927167,60.182921],[24.927134,60.183001],[24.927091,60.183133]],[[24.927091,60.183133],[24.927072,60.1832],[24.926756,60.184054],[24.926729,60.184107]],[[24.926734,60.184226],[24.926714,60.184157],[24.926729,60.184107]],[[24.926734,60.184226],[24.926619,60.184553],[24.926604,60.184589],[24.926584,60.184639],[24.926545,60.18475],[24.926527,60.184803],[24.926509,60.184857],[24.926471,60.184964],[24.926454,60.185012],[24.926437,60.18506],[24.92639,60.185196],[24.926377,60.185206],[24.926337,60.185236]],[[24.926337,60.185236],[24.926261,60.185433],[24.926199,60.185601],[24.925997,60.186149]],[[24.925997,60.186149],[24.925883,60.186209],[24.925693,60.186355],[24.925486,60.186502],[24.924903,60.186977],[24.924856,60.187037],[24.924846,60.187083],[24.924853,60.187136],[24.924877,60.18719],[24.924899,60.187227],[24.92491,60.187245],[24.924937,60.187306],[24.924824,60.18764],[24.924821,60.187689],[24.924816,60.187763]],[[24.924816,60.187763],[24.924833,60.187858],[24.924892,60.187981],[24.925007,60.188115],[24.925148,60.188231],[24.92525,60.188298],[24.925351,60.188355],[24.925465,60.188416],[24.925621,60.188471],[24.925772,60.188517],[24.925855,60.188535],[24.925967,60.188545]]]}},{"type":"Feature","properties":{"name":"Paciuksenkatu"},"geometry":{"type":"MultiLineString","coordinates":[[[24.888775,60.195484],[24.889011,60.19542],[24.889311,60.195341],[24.88951,60.195266],[24.889809,60.195167],[24.890031,60.195082],[24.890391,60.194908],[24.890764,60.194743]],[[24.890764,60.194743],[24.890939,60.194665],[24.891159,60.194544]],[[24.891159,60.194544],[24.891229,60.194505]],[[24.891229,60.194505],[24.891437,60.194387],[24.891755,60.194233]],[[24.891755,60.194233],[24.891993,60.194118],[24.892071,60.194088],[24.892249,60.194039],[24.892381,60.194004],[24.892513,60.193949],[24.892992,60.193732],[24.893674,60.193443],[24.893949,60.193337],[24.894027,60.193296],[24.894082,60.193252],[24.894154,60.193209],[24.894446,60.19308],[24.894593,60.193014]],[[24.894593,60.193014],[24.89469,60.192973],[24.894821,60.192914],[24.894895,60.192878],[24.894971,60.192837]],[[24.894971,60.192837],[24.895005,60.192822],[24.895138,60.192753],[24.895276,60.192689]],[[24.895276,60.192689],[24.895382,60.192685],[24.895474,60.192684]],[[24.895474,60.192684],[24.895698,60.192667],[24.895839,60.192637],[24.896556,60.192404],[24.896771,60.19233],[24.897843,60.191952],[24.899049,60.191517],[24.899445,60.191366],[24.899566,60.191321],[24.899722,60.191279]],[[24.899722,60.191279],[24.899802,60.191239],[24.900069,60.191105]],[[24.900069,60.191105],[24.900145,60.191057],[24.900405,60.190913],[24.900552,60.190818],[24.900585,60.190794],[24.90127,60.190331]],[[24.90127,60.190331],[24.901542,60.190139],[24.902287,60.189516],[24.902578,60.189272]],[[24.902578,60.189272],[24.902855,60.189016],[24.902998,60.18887],[24.903085,60.188776],[24.903326,60.188517],[24.903567,60.188254],[24.903756,60.188052],[24.903921,60.187902],[24.90443,60.187498]],[[24.90443,60.187498],[24.904445,60.187454]],[[24.904445,60.187454],[24.904459,60.187431],[24.904496,60.187373],[24.904542,60.187296]],[[24.904542,60.187296],[24.904668,60.187257],[24.904833,60.187109],[24.904896,60.187067],[24.904994,60.187016],[24.905129,60.186939],[24.905525,60.186632],[24.905956,60.186297],[24.906136,60.186145],[24.906197,60.186094],[24.906243,60.186056],[24.906309,60.186007],[24.906366,60.185965]],[[24.906366,60.185965],[24.9065,60.185866],[24.907014,60.185471],[24.907157,60.185389],[24.907302,60.185321],[24.907488,60.185248],[24.907844,60.185149],[24.90805,60.185099],[24.9082,60.185063]],[[24.908271,60.185255],[24.908249,60.185195],[24.908223,60.185126],[24.9082,60.185063]],[[24.908271,60.185255],[24.908079,60.185285],[24.907827,60.185344],[24.907653,60.185396],[24.907502,60.185454],[24.907367,60.185519],[24.907241,60.185597],[24.90713,60.185677],[24.906646,60.186056],[24.906499,60.18617],[24.906418,60.186235],[24.906284,60.186343],[24.906161,60.186478],[24.905911,60.186692],[24.905844,60.186739],[24.905682,60.186818],[24.904949,60.187392],[24.904773,60.187531],[24.9047,60.187589]],[[24.9047,60.187589],[24.904424,60.18781],[24.904081,60.188094],[24.903873,60.188322],[24.903653,60.188591],[24.903558,60.18875],[24.903469,60.18887],[24.903428,60.188911],[24.903375,60.188971],[24.903308,60.189046],[24.90322,60.18912],[24.903115,60.189186],[24.902994,60.189259],[24.902823,60.189393],[24.902786,60.189425],[24.902725,60.189476],[24.902591,60.189594]],[[24.902591,60.189594],[24.90233,60.189818],[24.901606,60.190374],[24.901401,60.190544]],[[24.901401,60.190544],[24.901112,60.190753],[24.900818,60.190942],[24.900693,60.191021],[24.900558,60.191109]],[[24.900558,60.191109],[24.900346,60.191223],[24.900251,60.191274]],[[24.900251,60.191274],[24.900153,60.191327],[24.900041,60.191392],[24.899982,60.191425],[24.899829,60.191507],[24.899784,60.191558]],[[24.899784,60.191558],[24.899718,60.191578],[24.899587,60.191624],[24.898142,60.192144],[24.896663,60.192679],[24.896449,60.192769],[24.896248,60.192864],[24.895727,60.193062],[24.895422,60.193221],[24.895261,60.193309],[24.895196,60.193346]],[[24.895196,60.193346],[24.895013,60.193427],[24.894852,60.193488],[24.894566,60.193596],[24.894491,60.193622],[24.894256,60.193679],[24.89416,60.193702],[24.893993,60.19375],[24.893832,60.19381],[24.893681,60.19388],[24.893625,60.193908],[24.893576,60.193928],[24.893219,60.194101],[24.892875,60.194259],[24.891749,60.19478],[24.891694,60.194817],[24.891659,60.194833],[24.891605,60.194855],[24.891509,60.194894],[24.891433,60.194926],[24.891415,60.194933],[24.891387,60.194945]],[[24.891387,60.194945],[24.89116,60.195041],[24.890876,60.195194],[24.890791,60.195233],[24.890653,60.195296],[24.89041,60.195394],[24.890271,60.195444],[24.890127,60.195485],[24.890032,60.195502],[24.889934,60.195515],[24.889835,60.195533],[24.889774,60.19555]]]}},{"type":"Feature","properties":{"name":"Pasilankatu"},"geometry":{"type":"MultiLineString","coordinates":[[[24.927556,60.199648],[24.927279,60.200225],[24.927236,60.200313],[24.927208,60.200375]],[[24.927208,60.200375],[24.92717,60.20045],[24.926847,60.201129],[24.926707,60.201433],[24.926597,60.201668]],[[24.926597,60.201668],[24.926467,60.201947],[24.926287,60.202324]],[[24.926287,60.202324],[24.926236,60.202447],[24.926126,60.202668],[24.926099,60.20272],[24.92606,60.202787]],[[24.92606,60.202787],[24.925994,60.202884]],[[24.925775,60.202757],[24.925785,60.202711],[24.925791,60.202686],[24.926071,60.20208]],[[24.926071,60.20208],[24.926152,60.20191],[24.926275,60.201647]],[[24.926275,60.201647],[24.926392,60.201397],[24.926785,60.200669],[24.926893,60.200461],[24.926911,60.20042],[24.926944,60.200321]],[[24.926944,60.200321],[24.926956,60.200283],[24.926975,60.200214],[24.927016,60.20009],[24.927551,60.198965],[24.927565,60.198935],[24.927609,60.198845]],[[24.927609,60.198845],[24.927657,60.198723]],[[24.927657,60.198723],[24.927702,60.198619],[24.927918,60.198125],[24.927967,60.198036]],[[24.927967,60.198036],[24.928209,60.197573],[24.92822,60.197553],[24.928264,60.197462]],[[24.928575,60.19749],[24.928563,60.197511],[24.928541,60.197563]],[[24.928541,60.197563],[24.92853,60.197583],[24.928267,60.198166],[24.928042,60.198632],[24.92803,60.198661],[24.927971,60.198763],[24.927912,60.198885]],[[24.927912,60.198885],[24.927871,60.198969],[24.927556,60.199648]]]}},{"type":"Feature","properties":{"name":"Pasilansilta"},"geometry":{"type":"MultiLineString","coordinates":[[[24.935198,60.198314],[24.935064,60.198299],[24.934843,60.198273],[24.934789,60.198266],[24.934703,60.198257],[24.934637,60.198249]],[[24.934637,60.198249],[24.934595,60.198234]],[[24.934595,60.198234],[24.934563,60.198224],[24.934512,60.198215],[24.934454,60.198207],[24.934378,60.198199],[24.934347,60.198197],[24.934321,60.198197],[24.934295,60.198199],[24.934267,60.198204],[24.934238,60.19821],[24.934211,60.198218],[24.934185,60.198226]],[[24.934185,60.198226],[24.934171,60.198227],[24.934158,60.198227],[24.933247,60.198122],[24.93304,60.198084]],[[24.93304,60.198084],[24.932916,60.198061]],[[24.932916,60.198061],[24.932807,60.198034],[24.932693,60.198005],[24.932638,60.197988],[24.932411,60.197915]],[[24.932411,60.197915],[24.931316,60.197785]],[[24.931316,60.197785],[24.930881,60.197791],[24.930819,60.197785],[24.930663,60.19777]],[[24.930663,60.19777],[24.930096,60.197703],[24.929261,60.197604]],[[24.929261,60.197604],[24.928819,60.197551],[24.928719,60.197527],[24.928602,60.1975],[24.928575,60.19749]],[[24.928833,60.197393],[24.928964,60.19737]],[[24.928964,60.19737],[24.929318,60.19741],[24.929341,60.197413]],[[24.929341,60.197413],[24.930752,60.197584]],[[24.930752,60.197584],[24.930908,60.197603],[24.932471,60.197791]],[[24.932471,60.197791],[24.932605,60.197807],[24.933028,60.197805]],[[24.933028,60.197805],[24.933184,60.197803],[24.933472,60.197804],[24.933508,60.197806],[24.934577,60.197929],[24.934705,60.197943],[24.934745,60.197947]],[[24.934745,60.197947],[24.934766,60.197949]],[[24.934766,60.197949],[24.934969,60.197988],[24.935186,60.198034],[24.93528,60.198059]]]}},{"type":"Feature","properties":{"name":"Radiokatu"},"geometry":{"type":"MultiLineString","coordinates":[[[24.927677,60.203411],[24.927611,60.203368],[24.927557,60.20333],[24.927544,60.203289]],[[24.927544,60.203289],[24.927028,60.203091]],[[24.927028,60.203091],[24.926862,60.203035],[24.926619,60.202974],[24.926437,60.202939],[24.926267,60.202914],[24.926202,60.202905],[24.925994,60.202884]],[[24.925994,60.202884],[24.925745,60.202869]],[[24.925745,60.202869],[24.925557,60.202856],[24.925421,60.202839],[24.925372,60.202827],[24.925135,60.202778],[24.924937,60.202755]],[[24.924937,60.202755],[24.924547,60.20271],[24.924431,60.202697],[24.924318,60.202691],[24.924168,60.202686],[24.924045,60.202674]],[[24.924045,60.202674],[24.923882,60.202657],[24.923698,60.202632],[24.923523,60.202595]],[[24.923523,60.202595],[24.923457,60.202584],[24.922778,60.202506]],[[24.922778,60.202506],[24.922597,60.202506],[24.922492,60.202498],[24.922355,60.202483],[24.922216,60.202463],[24.922127,60.202447],[24.921999,60.20242]],[[24.921999,60.20242],[24.921926,60.202407],[24.920967,60.202294]],[[24.920967,60.202294],[24.920805,60.202283],[24.920727,60.202287]],[[24.920727,60.202287],[24.920663,60.2023],[24.920584,60.202319],[24.92052,60.202349],[24.920467,60.202365],[24.920411,60.202382]],[[24.920411,60.202382],[24.920065,60.202647]],[[24.920065,60.202647],[24.919782,60.202879]],[[24.919782,60.202879],[24.919678,60.202963]],[[24.919678,60.202963],[24.919686,60.202982],[24.919703,60.203023],[24.919692,60.203083]],[[24.919692,60.203083],[24.919502,60.203234],[24.919435,60.203285],[24.919119,60.203534]],[[24.919119,60.203534],[24.919024,60.203578],[24.918938,60.203601],[24.91888,60.203617],[24.918814,60.20364]],[[24.918814,60.20364],[24.918376,60.203975]],[[24.918376,60.203975],[24.918151,60.204166],[24.918123,60.204188],[24.918091,60.204226],[24.918068,60.204269],[24.918056,60.204305],[24.918049,60.204342],[24.918051,60.204382],[24.91806,60.204411],[24.918077,60.204448],[24.918125,60.204512],[24.918179,60.204566]],[[24.918179,60.204566],[24.918519,60.204892],[24.918542,60.204914]],[[24.918542,60.204914],[24.918594,60.20496],[24.918997,60.205348]],[[24.918997,60.205348],[24.919035,60.205355],[24.919151,60.205385]],[[24.919151,60.205385],[24.919461,60.20567]],[[24.918814,60.20364],[24.918814,60.203616],[24.918815,60.203544],[24.918849,60.203476]],[[24.918849,60.203476],[24.918876,60.203452],[24.919048,60.203308],[24.919165,60.203213],[24.919432,60.203003]],[[24.919432,60.203003],[24.919517,60.202983],[24.919626,60.20297],[24.919678,60.202963]],[[24.920411,60.202382],[24.920437,60.202341],[24.920447,60.202324],[24.920513,60.202272],[24.920569,60.202243],[24.92062,60.202222]],[[24.92062,60.202222],[24.920739,60.202198]],[[24.920739,60.202198],[24.920831,60.202192],[24.920925,60.202198],[24.921075,60.202214]],[[24.921075,60.202214],[24.922001,60.202321],[24.922066,60.202326]],[[24.922066,60.202326],[24.922283,60.20233],[24.922418,60.202345],[24.922551,60.202361],[24.922652,60.202381],[24.922846,60.202419]],[[24.922846,60.202419],[24.92348,60.202494],[24.923573,60.2025]],[[24.923573,60.2025],[24.923798,60.202505],[24.923945,60.202518]],[[24.923945,60.202518],[24.924106,60.202538],[24.924257,60.202571],[24.924375,60.20259],[24.924429,60.202596],[24.924595,60.202616],[24.924614,60.202618]],[[24.924614,60.202618],[24.925404,60.202712]],[[24.925404,60.202712],[24.925436,60.202716],[24.925615,60.202737],[24.925661,60.202742],[24.925775,60.202757]],[[24.925775,60.202757],[24.925811,60.202761],[24.925846,60.202766]],[[24.925846,60.202766],[24.92606,60.202787]],[[24.92606,60.202787],[24.926247,60.202807],[24.926521,60.202844],[24.926754,60.202882],[24.926892,60.202917]],[[24.926892,60.202917],[24.927317,60.20307],[24.927623,60.203183]],[[24.927623,60.203183],[24.927793,60.203178],[24.92788,60.203192],[24.928029,60.203235]]]}},{"type":"Feature","properties":{"name":"Raide-Jokerin varsi"},"geometry":{"type":"MultiLineString","coordinates":[[[24.893762,60.219577],[24.89299,60.21906],[24.892931,60.219029],[24.892834,60.219],[24.892727,60.218983]],[[24.894042,60.219745],[24.893826,60.219615],[24.893762,60.219577]],[[24.89431,60.219921],[24.894042,60.219745]],[[24.896169,60.22196],[24.896158,60.221926],[24.895991,60.221348],[24.895809,60.221105],[24.895743,60.221016],[24.895692,60.220947],[24.895582,60.220846],[24.895482,60.220761],[24.895342,60.220649],[24.895303,60.220618],[24.895086,60.22045],[24.894877,60.220296],[24.89485,60.220278],[24.894638,60.220131],[24.894463,60.220015],[24.89431,60.219921]],[[24.897202,60.224393],[24.897085,60.224198],[24.896911,60.223903],[24.89686,60.223814],[24.896665,60.223477],[24.896589,60.223337],[24.896482,60.223074],[24.896377,60.222725],[24.896169,60.22196]],[[24.897205,60.224546],[24.897226,60.224527],[24.89723,60.224502],[24.897227,60.224473],[24.897222,60.224442],[24.897202,60.224393]],[[24.897394,60.224692],[24.897334,60.224644],[24.897308,60.224624],[24.897287,60.224608],[24.89726,60.22459],[24.897205,60.224546]],[[24.897626,60.224768],[24.89758,60.224756],[24.897524,60.224739],[24.897445,60.224715],[24.897394,60.224692]],[[24.899867,60.226079],[24.8994,60.22586],[24.89899,60.225659],[24.898773,60.225545],[24.898616,60.225459],[24.898538,60.22541],[24.898439,60.225338],[24.898258,60.225237],[24.897962,60.225011],[24.897626,60.224768]],[[24.900425,60.226283],[24.900339,60.226259],[24.9002,60.22621],[24.900083,60.226166],[24.899867,60.226079]],[[24.903369,60.227044],[24.903287,60.227026],[24.903245,60.227016],[24.903149,60.226995],[24.902733,60.226918],[24.902288,60.226817],[24.90223,60.226798],[24.902089,60.226746],[24.901856,60.226681],[24.900662,60.226354],[24.900504,60.226307],[24.900425,60.226283]],[[24.90515,60.227477],[24.90501,60.227444],[24.904948,60.227425],[24.904855,60.227389],[24.904765,60.22734],[24.904756,60.227338],[24.904688,60.227312],[24.904605,60.227291],[24.904295,60.227225],[24.903602,60.227079],[24.903485,60.227068],[24.903369,60.227044]],[[24.905414,60.227533],[24.905342,60.22752],[24.90529,60.227508],[24.90515,60.227477]],[[24.906174,60.227701],[24.906022,60.227666],[24.905478,60.227545],[24.905414,60.227533]],[[24.907992,60.228114],[24.907186,60.227953],[24.907035,60.22792],[24.906608,60.227824],[24.906268,60.227734],[24.906174,60.227701]],[[24.916742,60.230115],[24.916567,60.230089],[24.916414,60.230057],[24.916106,60.229988],[24.916061,60.229978],[24.915948,60.229937],[24.915864,60.229906],[24.915578,60.22981],[24.915311,60.229742],[24.91467,60.22959],[24.913434,60.22932],[24.911892,60.228984],[24.911086,60.228808],[24.910367,60.228646],[24.909816,60.228525],[24.908081,60.228132],[24.907992,60.228114]],[[24.91968,60.230922],[24.919573,60.230881],[24.919521,60.230857],[24.919435,60.230805],[24.919325,60.23074],[24.919238,60.230688],[24.919055,60.230615],[24.918967,60.230584],[24.918895,60.230562],[24.918604,60.230483],[24.917995,60.230353],[24.916976,60.230134],[24.916783,60.23012],[24.916742,60.230115]],[[24.920318,60.231162],[24.920118,60.231088],[24.920016,60.231047],[24.919899,60.231005],[24.919816,60.230974],[24.91968,60.230922]],[[24.920419,60.2312],[24.920373,60.231182],[24.920318,60.231162]],[[24.925702,60.234137],[24.925619,60.234122],[24.925529,60.2341],[24.925462,60.23408],[24.925409,60.23406],[24.925401,60.234056],[24.925355,60.234035],[24.925297,60.234009],[24.925222,60.233975],[24.92512,60.233916],[24.924982,60.233842],[24.924913,60.233803],[24.924687,60.233673],[24.92463,60.233622],[24.924539,60.233566],[24.924307,60.23343],[24.924079,60.233305],[24.923717,60.233092],[24.923635,60.233061],[24.923556,60.233018],[24.923481,60.232975],[24.923411,60.23293],[24.923344,60.232877],[24.923295,60.232844],[24.922745,60.232526],[24.922683,60.232473],[24.922635,60.232434],[24.92222,60.232191],[24.921257,60.231641],[24.920705,60.231325],[24.920618,60.231278],[24.920553,60.23125],[24.920419,60.2312]],[[24.925827,60.234152],[24.925702,60.234137]],[[24.926173,60.234164],[24.925919,60.234159],[24.925869,60.234156],[24.925827,60.234152]],[[24.930743,60.234294],[24.930653,60.234272],[24.930569,60.234257],[24.930501,60.234251],[24.93045,60.234248],[24.930378,60.234246],[24.929903,60.234234],[24.929806,60.234231],[24.92971,60.234227],[24.929616,60.23422],[24.92947,60.234216],[24.929118,60.234207],[24.928712,60.2342],[24.928356,60.234195],[24.927986,60.234189],[24.927628,60.234184],[24.927255,60.234178],[24.927074,60.234175],[24.92672,60.234173],[24.926173,60.234164]],[[24.930743,60.234294],[24.93075,60.234205],[24.930755,60.234146],[24.930761,60.234107]],[[24.930761,60.234107],[24.930761,60.234073],[24.930762,60.234037],[24.930761,60.234006],[24.930766,60.233989],[24.930775,60.233977]],[[24.931089,60.233894],[24.930986,60.233924],[24.930844,60.233952],[24.930812,60.23396],[24.930794,60.233968],[24.930775,60.233977]],[[24.931089,60.233894],[24.931142,60.233927],[24.931187,60.233952],[24.931206,60.233957],[24.931246,60.233973],[24.931317,60.234007],[24.931365,60.23402],[24.931424,60.234033],[24.931489,60.234051]],[[24.931489,60.234051],[24.931488,60.234065],[24.931492,60.234082],[24.931504,60.234101],[24.931517,60.23412],[24.931524,60.23415]],[[24.931524,60.23415],[24.931517,60.234167],[24.931506,60.234195],[24.931499,60.234214],[24.931493,60.23423],[24.931486,60.23425],[24.931476,60.234274],[24.931463,60.234304]],[[24.931463,60.234304],[24.931399,60.234309],[24.931371,60.234314],[24.931324,60.234327],[24.931278,60.234342],[24.93123,60.234361],[24.931182,60.234379],[24.931141,60.234399]],[[24.931141,60.234399],[24.931037,60.234366],[24.930919,60.234337],[24.930743,60.234294]],[[24.931089,60.233894],[24.931153,60.233869],[24.931252,60.233781]],[[24.931252,60.233781],[24.931444,60.2336],[24.931602,60.233457],[24.931686,60.233391],[24.931983,60.233119],[24.931987,60.233116],[24.932164,60.232958],[24.93219,60.232935],[24.93294,60.232231],[24.933028,60.232148]],[[24.933028,60.232148],[24.933071,60.232105],[24.933198,60.231969],[24.933243,60.231907],[24.933297,60.231857]],[[24.933297,60.231857],[24.933482,60.2317],[24.933489,60.231694],[24.933528,60.23166],[24.933625,60.231605],[24.933676,60.231577],[24.933711,60.231556],[24.933859,60.231472],[24.934005,60.231402],[24.934109,60.231346],[24.934255,60.231275]],[[24.934255,60.231275],[24.934505,60.231214],[24.934613,60.231197]],[[24.934613,60.231197],[24.934823,60.231087]],[[24.934823,60.231087],[24.934949,60.231022]],[[24.934949,60.231022],[24.935004,60.230919]],[[24.935004,60.230919],[24.935176,60.230855],[24.935455,60.230763],[24.935659,60.230697],[24.936087,60.230567],[24.93632,60.230499],[24.936574,60.230426],[24.936855,60.230338],[24.937187,60.230252]],[[24.937187,60.230252],[24.937295,60.23022]],[[24.937295,60.23022],[24.937401,60.23019]],[[24.937401,60.23019],[24.937441,60.230175],[24.937776,60.230033]],[[24.937776,60.230033],[24.938055,60.22995],[24.938166,60.229923],[24.938402,60.229886]],[[24.938402,60.229886],[24.938479,60.229883],[24.938545,60.229877],[24.938698,60.229852],[24.939003,60.229795],[24.939204,60.229759],[24.939613,60.22969],[24.939891,60.22966],[24.940093,60.229658]],[[24.940093,60.229658],[24.940216,60.229644],[24.940342,60.229631]],[[24.940342,60.229631],[24.940544,60.229618]],[[24.940544,60.229618],[24.940824,60.229602]],[[24.940824,60.229602],[24.940996,60.229571],[24.94165,60.229553],[24.9418,60.229525]],[[24.9418,60.229525],[24.942158,60.229526],[24.942396,60.229529]],[[24.942396,60.229529],[24.942796,60.229531],[24.943204,60.22954],[24.943608,60.229555],[24.94399,60.229574]],[[24.94399,60.229574],[24.944229,60.229587],[24.944449,60.2296],[24.944643,60.229612]],[[24.944643,60.229612],[24.944892,60.229623],[24.945138,60.229618],[24.94537,60.22963],[24.945698,60.229663],[24.946157,60.229711],[24.946619,60.229765],[24.946821,60.229791],[24.947095,60.229827],[24.947344,60.229865],[24.947737,60.229924]],[[24.947737,60.229924],[24.947833,60.229937],[24.948181,60.229975],[24.948275,60.22999],[24.948807,60.230087],[24.948934,60.230117],[24.949193,60.230208],[24.949261,60.230231],[24.949356,60.230258],[24.950298,60.230458],[24.950382,60.23047],[24.950691,60.230507]],[[24.950691,60.230507],[24.950817,60.230521],[24.950886,60.230533],[24.9514,60.230643],[24.951637,60.230694]],[[24.951637,60.230694],[24.951855,60.23074],[24.95232,60.230847],[24.952796,60.230954],[24.952939,60.230987]],[[24.952939,60.230987],[24.953038,60.231009],[24.953092,60.231022]],[[24.953092,60.231022],[24.954046,60.23124],[24.954136,60.231265],[24.954384,60.231322],[24.955951,60.231687],[24.956006,60.231699],[24.956192,60.231718],[24.956217,60.231723]],[[24.956217,60.231723],[24.956296,60.23174]],[[24.956296,60.23174],[24.956367,60.231764],[24.956505,60.231819],[24.95726,60.231988],[24.957463,60.232037],[24.957708,60.232088],[24.957789,60.232097],[24.957905,60.232109],[24.958135,60.232098],[24.958196,60.232081],[24.958267,60.232063],[24.958382,60.232044],[24.958588,60.232038],[24.95871,60.232032],[24.958789,60.232017],[24.958875,60.231991]],[[24.958875,60.231991],[24.959007,60.231945],[24.959132,60.231884],[24.959357,60.23175]],[[24.959357,60.23175],[24.959938,60.231412],[24.959967,60.231395],[24.960015,60.231366],[24.960453,60.231114],[24.960614,60.231016],[24.960635,60.231005],[24.960664,60.230988],[24.960721,60.230954],[24.960823,60.230894],[24.960991,60.230775],[24.961114,60.23069],[24.961959,60.230098],[24.96201,60.230061],[24.962095,60.230002],[24.96227,60.229883],[24.962506,60.229721],[24.962801,60.229515],[24.963096,60.229298],[24.963167,60.229245]],[[24.963167,60.229245],[24.963253,60.22919]],[[24.963517,60.229292],[24.963439,60.229349]],[[24.963439,60.229349],[24.963357,60.229387],[24.963272,60.229432],[24.963043,60.229614],[24.962941,60.229681],[24.962931,60.229688],[24.962707,60.229831],[24.962383,60.23005],[24.962348,60.230074],[24.962249,60.230143],[24.962164,60.230203],[24.962034,60.230294],[24.961068,60.230976],[24.960979,60.23103],[24.96087,60.231094],[24.960845,60.231111],[24.959572,60.231853],[24.959536,60.231874],[24.959449,60.231928],[24.959252,60.232048],[24.959134,60.232138],[24.959043,60.232225],[24.958979,60.232298],[24.958979,60.23231],[24.958982,60.232336]],[[24.958982,60.232336],[24.959004,60.232365],[24.959034,60.232381],[24.959068,60.232409],[24.959098,60.232463],[24.959111,60.232499]],[[24.959111,60.232499],[24.95907,60.232545],[24.959012,60.232608],[24.95898,60.232642]],[[24.95898,60.232642],[24.958929,60.232687],[24.958892,60.232716],[24.958858,60.232733],[24.958822,60.232745],[24.958779,60.232754],[24.958739,60.23276],[24.958693,60.232762],[24.958655,60.232762],[24.958606,60.232759]],[[24.958606,60.232759],[24.95852,60.232739],[24.958401,60.232708],[24.958344,60.232692]],[[24.958344,60.232692],[24.958337,60.232612],[24.958289,60.232575],[24.958222,60.232545],[24.958173,60.23253]],[[24.958173,60.23253],[24.958035,60.232498],[24.957541,60.232385],[24.957338,60.232332],[24.957235,60.232289]],[[24.957235,60.232289],[24.957178,60.232243],[24.957058,60.2322],[24.956286,60.232021],[24.956143,60.232008],[24.956051,60.231991],[24.955982,60.231975]],[[24.955982,60.231975],[24.955926,60.231957],[24.95579,60.231904],[24.95298,60.231256],[24.952819,60.231238],[24.952747,60.231242]],[[24.952747,60.231242],[24.952614,60.23123],[24.952569,60.231226],[24.952009,60.2311],[24.951938,60.231082]],[[24.951938,60.231082],[24.951896,60.23106],[24.951779,60.231009],[24.951647,60.230979],[24.951503,60.23095],[24.951355,60.230919],[24.951197,60.230884],[24.950933,60.230824],[24.950633,60.230741],[24.949068,60.230406],[24.948935,60.230396],[24.948833,60.230403]],[[24.948833,60.230403],[24.948654,60.230391],[24.948552,60.230377],[24.948501,60.230368],[24.948272,60.23033]],[[24.948272,60.23033],[24.947915,60.230266]],[[24.947915,60.230266],[24.947565,60.230205]],[[24.947565,60.230205],[24.946966,60.230103]],[[24.946966,60.230103],[24.946698,60.230012]],[[24.946698,60.230012],[24.946627,60.230003],[24.946508,60.229987],[24.946297,60.22996]],[[24.946297,60.22996],[24.946118,60.229934]],[[24.946118,60.229934],[24.945875,60.229893]],[[24.945875,60.229893],[24.945703,60.229919]],[[24.945703,60.229919],[24.945607,60.229911],[24.945301,60.229873],[24.944902,60.229828],[24.944285,60.22978],[24.943957,60.229751]],[[24.943957,60.229751],[24.943566,60.22973],[24.943173,60.229718],[24.942774,60.22971],[24.942376,60.229707]],[[24.942376,60.229707],[24.942161,60.229709],[24.94204,60.229717],[24.941936,60.229743]],[[24.941936,60.229743],[24.941813,60.229782],[24.941159,60.229822],[24.941009,60.229826],[24.94055,60.229825],[24.940329,60.22982],[24.940151,60.229813],[24.939853,60.229836],[24.939519,60.229887],[24.939168,60.229948],[24.938881,60.230005]],[[24.938881,60.230005],[24.938725,60.230042],[24.938378,60.230147],[24.938233,60.230192],[24.937977,60.230265],[24.937825,60.230314],[24.937639,60.230371],[24.937033,60.230549],[24.936774,60.230629],[24.93602,60.230861],[24.935466,60.231062],[24.935306,60.231124],[24.93516,60.231183],[24.93504,60.231241],[24.934934,60.231331],[24.934881,60.231376],[24.934753,60.231455],[24.934726,60.231471],[24.934636,60.231524]],[[24.934636,60.231524],[24.93445,60.231632],[24.934421,60.231649],[24.934168,60.231797],[24.93411,60.231836],[24.933986,60.231907],[24.933962,60.231919],[24.933777,60.23201],[24.933719,60.232036],[24.933615,60.232106],[24.933525,60.232173],[24.933489,60.232209]],[[24.933489,60.232209],[24.933443,60.232254],[24.933386,60.232302],[24.93334,60.232344],[24.932766,60.232853],[24.932499,60.233098],[24.932035,60.233529],[24.931938,60.233624],[24.931658,60.23388],[24.931575,60.233953],[24.931509,60.234012],[24.931495,60.23403],[24.931489,60.234051]]]}},{"type":"Feature","properties":{"name":"Ratapihantie"},"geometry":{"type":"MultiLineString","coordinates":[[[24.934662,60.198315],[24.934661,60.19831],[24.934661,60.198293],[24.934648,60.198272],[24.934632,60.198257]],[[24.934632,60.198257],[24.934626,60.198253],[24.934595,60.198234]],[[24.934595,60.198234],[24.934607,60.198226],[24.934622,60.1982],[24.93463,60.198181],[24.934651,60.198142],[24.934668,60.19811],[24.934699,60.198045],[24.934745,60.197947]],[[24.934745,60.197947],[24.934766,60.197949]],[[24.934766,60.197949],[24.934793,60.197947],[24.934817,60.197938],[24.934827,60.197927],[24.934838,60.1979],[24.934834,60.197887]],[[24.934766,60.197949],[24.934793,60.197947],[24.934817,60.197938],[24.934827,60.197927],[24.934838,60.1979],[24.934834,60.197887]],[[24.934834,60.197887],[24.934852,60.197851],[24.934944,60.197655],[24.935458,60.196566]],[[24.935458,60.196566],[24.935528,60.196421]],[[24.936166,60.19648],[24.93611,60.196492]],[[24.93611,60.196492],[24.936086,60.196542],[24.935966,60.196792],[24.935896,60.196938],[24.935814,60.197135],[24.935789,60.19717],[24.935732,60.197234],[24.935692,60.197315],[24.935585,60.197539],[24.935541,60.197631]],[[24.935541,60.197631],[24.935507,60.197672],[24.935414,60.197852],[24.935249,60.197906]],[[24.935249,60.197906],[24.935236,60.197933],[24.935215,60.197974]],[[24.935215,60.197974],[24.93528,60.198059],[24.935267,60.198119],[24.935256,60.198153],[24.93524,60.198197],[24.935216,60.198267],[24.935198,60.198314],[24.935146,60.198371],[24.935012,60.198411]]]}},{"type":"Feature","properties":{"name":"Rautatientori - Kaisaniemen puisto"},"geometry":{"type":"MultiLineString","coordinates":[[[24.944605,60.170762],[24.944577,60.170863],[24.944518,60.171384],[24.944481,60.171856]],[[24.944481,60.171856],[24.944479,60.171867],[24.944461,60.171894],[24.944386,60.171936]],[[24.944386,60.171936],[24.944331,60.172017],[24.944324,60.172032]],[[24.944324,60.172032],[24.944318,60.17208]],[[24.944318,60.17208],[24.944307,60.172185]],[[24.944307,60.172185],[24.944291,60.17234]],[[24.944291,60.17234],[24.944253,60.172659]],[[24.944253,60.172659],[24.94422,60.172929],[24.944216,60.172979]],[[24.944216,60.172979],[24.944233,60.173014],[24.944233,60.173025],[24.944234,60.173034]],[[24.944233,60.173014],[24.9443,60.173026],[24.94432,60.173027],[24.944431,60.173064],[24.944484,60.173089],[24.945021,60.173374]],[[24.945021,60.173374],[24.945375,60.173554],[24.945556,60.173657],[24.945722,60.173766],[24.945861,60.173856],[24.945881,60.173869],[24.945921,60.173895]],[[24.945921,60.173895],[24.946358,60.173911],[24.947742,60.173947],[24.948409,60.173963],[24.949161,60.173986]],[[24.949161,60.173986],[24.949361,60.173992],[24.949427,60.173994]]]}},{"type":"Feature","properties":{"name":"Reijolankatu"},"geometry":{"type":"MultiLineString","coordinates":[[[24.916404,60.189556],[24.91648,60.18956],[24.916571,60.189573],[24.916631,60.18958],[24.916731,60.189594],[24.916834,60.189608],[24.916916,60.189622]],[[24.916916,60.189622],[24.917092,60.189654],[24.91721,60.189689]],[[24.91721,60.189689],[24.917862,60.189722],[24.918013,60.189732],[24.918103,60.189737],[24.918303,60.189746]],[[24.918303,60.189746],[24.918519,60.189702]],[[24.918519,60.189702],[24.919258,60.189729],[24.920058,60.189763]],[[24.920058,60.189763],[24.920127,60.189774],[24.920274,60.189777],[24.920331,60.189777],[24.920419,60.189778],[24.920538,60.189779],[24.920682,60.189778],[24.920757,60.189779],[24.920929,60.189779],[24.921026,60.189783],[24.921145,60.189807],[24.92127,60.189834]],[[24.920756,60.190034],[24.920664,60.190009],[24.920537,60.189991]],[[24.920537,60.189991],[24.920483,60.189982],[24.919075,60.189907],[24.918346,60.189877]],[[24.918346,60.189877],[24.918261,60.18984]],[[24.918261,60.18984],[24.918197,60.189839]],[[24.918197,60.189839],[24.917997,60.18983],[24.917276,60.189798],[24.91677,60.189778],[24.916686,60.189774],[24.916602,60.189773]]]}},{"type":"Feature","properties":{"name":"Runeberginkatu"},"geometry":{"type":"MultiLineString","coordinates":[[[24.932335,60.16743],[24.932446,60.167454],[24.932554,60.167485]],[[24.931777,60.167393],[24.931871,60.167394],[24.932,60.167397],[24.932124,60.167406],[24.932291,60.167424],[24.932335,60.16743]],[[24.93156,60.167401],[24.931673,60.167396],[24.931777,60.167393]],[[24.93156,60.167401],[24.931452,60.167436]],[[24.931452,60.167436],[24.931394,60.167451],[24.931271,60.167482]],[[24.931271,60.167482],[24.931237,60.167517]],[[24.931237,60.167517],[24.931212,60.167528],[24.931195,60.167535],[24.931155,60.167544],[24.931087,60.167549],[24.931032,60.167543]],[[24.931032,60.167543],[24.930985,60.167529]],[[24.930985,60.167529],[24.930875,60.167553],[24.930766,60.167581],[24.930659,60.167582]],[[24.930558,60.167631],[24.930621,60.1676],[24.930659,60.167582]],[[24.930244,60.167805],[24.93046,60.167683],[24.930558,60.167631]],[[24.928101,60.168996],[24.928292,60.168893],[24.928369,60.168851],[24.929009,60.168505]],[[24.927848,60.169137],[24.928101,60.168996]],[[24.927848,60.169137],[24.927855,60.169197],[24.927815,60.169289]],[[24.927815,60.169289],[24.92777,60.169315],[24.927593,60.169413]],[[24.927593,60.169413],[24.927506,60.169468],[24.927452,60.169497],[24.927421,60.169506],[24.927363,60.169518]],[[24.927363,60.169518],[24.927243,60.169587]],[[24.927243,60.169587],[24.927218,60.169605],[24.92717,60.169641],[24.927128,60.169669],[24.927081,60.169685],[24.92698,60.169739],[24.926729,60.169884],[24.926708,60.169902],[24.926693,60.169922],[24.926679,60.169956],[24.926658,60.169977],[24.926622,60.169999],[24.92659,60.170014],[24.926541,60.170028],[24.926505,60.170037],[24.926463,60.170058]],[[24.926463,60.170058],[24.926425,60.170069],[24.92634,60.170118],[24.926226,60.170146]],[[24.925404,60.170708],[24.925908,60.170366],[24.926199,60.170169],[24.926211,60.170161],[24.926226,60.170146]],[[24.924942,60.171018],[24.925313,60.17077],[24.925404,60.170708]],[[24.924942,60.171018],[24.924947,60.171102],[24.924951,60.171128]],[[24.924951,60.171128],[24.92485,60.171207]],[[24.924462,60.171208],[24.924546,60.171164]],[[24.924546,60.171164],[24.924633,60.171134],[24.92477,60.171068],[24.924942,60.171018]],[[24.926226,60.170146],[24.926208,60.17008],[24.92624,60.170023],[24.926235,60.169993]],[[24.926235,60.169993],[24.926224,60.169967],[24.926211,60.169932],[24.926213,60.169903],[24.926267,60.169859],[24.926343,60.1698],[24.926492,60.169792],[24.926553,60.169778],[24.926592,60.16976],[24.926743,60.169675],[24.926767,60.169652],[24.926796,60.169622]],[[24.926796,60.169622],[24.926869,60.169575],[24.926919,60.169543]],[[24.926919,60.169543],[24.926954,60.169529],[24.927013,60.169517]],[[24.927013,60.169517],[24.927141,60.169449]],[[24.927141,60.169449],[24.927196,60.169416],[24.92726,60.169382]],[[24.92726,60.169382],[24.927366,60.16932]],[[24.927366,60.16932],[24.92743,60.169293],[24.927586,60.169281]],[[24.927586,60.169281],[24.927631,60.169255],[24.927848,60.169137]],[[24.929009,60.168505],[24.929104,60.168452]],[[24.930659,60.167582],[24.930699,60.167544]],[[24.930699,60.167544],[24.930704,60.167539],[24.930732,60.167524],[24.93074,60.16752],[24.930776,60.167499],[24.930934,60.16743]],[[24.930934,60.16743],[24.930959,60.167408]],[[24.930959,60.167408],[24.930996,60.16739],[24.931041,60.167378],[24.931075,60.167375],[24.931091,60.167374],[24.931135,60.167376],[24.931189,60.167386]],[[24.931189,60.167386],[24.931215,60.167395]],[[24.931215,60.167395],[24.931357,60.167386],[24.93156,60.167401]],[[24.927166,60.18176],[24.927149,60.181749],[24.927022,60.181691],[24.926661,60.181536]],[[24.926661,60.181536],[24.926572,60.181538],[24.926421,60.18148],[24.92595,60.181283],[24.925906,60.181234]],[[24.925906,60.181234],[24.925882,60.181224],[24.925791,60.181187],[24.925748,60.18117]],[[24.925748,60.18117],[24.925693,60.181148],[24.925602,60.181111],[24.925584,60.181104]],[[24.925584,60.181104],[24.92546,60.181083],[24.925142,60.180948],[24.924986,60.180882],[24.924911,60.180813]],[[24.924911,60.180813],[24.924734,60.180736],[24.924574,60.180656],[24.924534,60.180636],[24.924433,60.180579]],[[24.924433,60.180579],[24.924323,60.180479]],[[24.924323,60.180479],[24.924212,60.180437],[24.92389,60.18013],[24.923716,60.179962],[24.923687,60.179933],[24.923602,60.179842],[24.923323,60.179465],[24.923331,60.179429]],[[24.923821,60.179672],[24.923866,60.179734]],[[24.923866,60.179734],[24.923884,60.179756],[24.923908,60.179786]],[[24.923908,60.179786],[24.923976,60.17984],[24.924144,60.18003],[24.924435,60.180316],[24.924454,60.180383]],[[24.924454,60.180383],[24.924545,60.180466]],[[24.924545,60.180466],[24.924641,60.180536]],[[24.924641,60.180536],[24.924788,60.180571],[24.925112,60.180724],[24.925644,60.180943],[24.925724,60.181018]],[[24.925724,60.181018],[24.925878,60.18109]],[[24.925878,60.18109],[24.926015,60.1811],[24.926086,60.181128],[24.926183,60.181158],[24.926276,60.181198],[24.926334,60.181259]],[[24.926334,60.181259],[24.926398,60.181286],[24.927025,60.181553],[24.927036,60.181558]],[[24.927036,60.181558],[24.927103,60.181584],[24.927286,60.181656]]]}},{"type":"Feature","properties":{"name":"Salmisaarenkatu - Länsisatamankatu"},"geometry":{"type":"MultiLineString","coordinates":[[[24.908591,60.159731],[24.908638,60.159675]],[[24.908638,60.159675],[24.908767,60.15964]],[[24.908767,60.15964],[24.908804,60.159594],[24.908886,60.159522]],[[24.908886,60.159522],[24.9089,60.15944],[24.908912,60.15942],[24.909537,60.158976],[24.90963,60.158924],[24.90982,60.158818],[24.909946,60.158734],[24.910122,60.158681]],[[24.910122,60.158681],[24.910205,60.158618],[24.910296,60.158554]],[[24.910296,60.158554],[24.910315,60.158469],[24.910986,60.15799],[24.91118,60.15793]],[[24.91118,60.15793],[24.911207,60.157911],[24.911245,60.157884],[24.911365,60.157764]],[[24.911365,60.157764],[24.911407,60.157716],[24.911515,60.15754]],[[24.911515,60.15754],[24.911575,60.157435],[24.911708,60.157215],[24.911718,60.157195],[24.911736,60.157163],[24.911752,60.157122],[24.911756,60.157075],[24.911753,60.157051],[24.911742,60.157025],[24.911727,60.157004]],[[24.911942,60.156902],[24.911973,60.156937],[24.911995,60.156974],[24.912008,60.157009],[24.912014,60.157041],[24.912013,60.157074],[24.912008,60.15711],[24.911969,60.15719],[24.911649,60.157671],[24.911625,60.157711],[24.911612,60.15773],[24.911601,60.157748],[24.911582,60.157776]],[[24.911582,60.157776],[24.911575,60.157784],[24.911559,60.157801],[24.911514,60.157851],[24.911399,60.157937]],[[24.911399,60.157937],[24.911374,60.158048],[24.9111,60.158238],[24.910528,60.158636],[24.910454,60.158689],[24.909891,60.159101],[24.909865,60.159124],[24.909812,60.159191],[24.909419,60.159474],[24.909392,60.159487],[24.909153,60.159559]],[[24.909153,60.159559],[24.909101,60.159595],[24.909005,60.159662]],[[24.909005,60.159662],[24.908973,60.159763]],[[24.908973,60.159763],[24.908895,60.15984]],[[24.908895,60.15984],[24.907936,60.161014]],[[24.907936,60.161014],[24.907909,60.161046],[24.907844,60.161175]],[[24.907844,60.161175],[24.907717,60.16124]],[[24.907717,60.16124],[24.907691,60.161287],[24.907663,60.161336]],[[24.907663,60.161336],[24.90775,60.161398]],[[24.90775,60.161398],[24.907465,60.16186],[24.907456,60.161873],[24.907388,60.161997],[24.907391,60.162037],[24.907416,60.162073],[24.907482,60.162103],[24.908167,60.162216],[24.908194,60.162231],[24.908214,60.162249]],[[24.908214,60.162249],[24.908243,60.162283],[24.908283,60.16233]],[[24.908283,60.16233],[24.908298,60.16236],[24.908301,60.162395],[24.908284,60.162505],[24.908195,60.16276],[24.908124,60.163],[24.908123,60.163014],[24.908122,60.16302],[24.908126,60.163036]],[[24.908126,60.163036],[24.908169,60.163046]],[[24.908169,60.163046],[24.908143,60.163105],[24.908136,60.163119],[24.90812,60.163156],[24.908107,60.163184],[24.908084,60.163235]],[[24.908084,60.163235],[24.908079,60.163269],[24.908043,60.163523],[24.908036,60.16358],[24.90802,60.163695],[24.908016,60.163738],[24.907998,60.16387],[24.907843,60.163915]],[[24.907843,60.163915],[24.907836,60.163995]],[[24.907836,60.163995],[24.907834,60.164057],[24.90783,60.164159]],[[24.90783,60.164159],[24.907836,60.164298]],[[24.907836,60.164298],[24.907821,60.164375]],[[24.907671,60.164727],[24.907637,60.164613],[24.907657,60.164431],[24.907655,60.164359],[24.90763,60.164273]],[[24.90763,60.164273],[24.907613,60.164143]],[[24.907613,60.164143],[24.907594,60.164048]],[[24.907594,60.164048],[24.90752,60.163946],[24.907481,60.163899]],[[24.907481,60.163899],[24.907516,60.163654],[24.907542,60.163474],[24.907554,60.16339],[24.907557,60.16337]],[[24.907557,60.16337],[24.907691,60.163224]],[[24.907691,60.163224],[24.907682,60.163138]],[[24.907682,60.163138],[24.90768,60.163113],[24.907678,60.1631]],[[24.907678,60.1631],[24.907673,60.163019]],[[24.907673,60.163019],[24.907677,60.162967],[24.907678,60.162953],[24.907743,60.162701],[24.907795,60.162522],[24.907789,60.162469]],[[24.907789,60.162469],[24.907713,60.162423],[24.907649,60.162397],[24.907545,60.16237],[24.906795,60.162256],[24.906745,60.162244],[24.906723,60.162233],[24.906711,60.162218],[24.906709,60.162195]],[[24.906709,60.162195],[24.906827,60.162013],[24.906821,60.161994],[24.906826,60.161982]],[[24.906826,60.161982],[24.906839,60.161961],[24.906856,60.161934],[24.906879,60.161897],[24.906923,60.161825]],[[24.906923,60.161825],[24.906946,60.161791],[24.906955,60.161777],[24.907263,60.16132]],[[24.907263,60.16132],[24.907388,60.161141],[24.907443,60.161091]],[[24.907443,60.161091],[24.907494,60.161045],[24.907606,60.160947]],[[24.907606,60.160947],[24.908591,60.159731]]]}},{"type":"Feature","properties":{"name":"Savonkatu"},"geometry":{"type":"MultiLineString","coordinates":[[[24.934213,60.192913],[24.934296,60.192945],[24.934379,60.192979],[24.934421,60.192998],[24.93453,60.193037],[24.934674,60.193089]],[[24.934674,60.193089],[24.934702,60.193126],[24.934743,60.193142],[24.934863,60.19318],[24.934993,60.193225],[24.935127,60.193277],[24.93526,60.19334],[24.935367,60.193397],[24.935546,60.193501],[24.935689,60.193654],[24.935819,60.193891],[24.935934,60.194139],[24.936017,60.194667],[24.936031,60.194761]],[[24.936031,60.194761],[24.936097,60.194865],[24.936132,60.194897],[24.936204,60.194976],[24.936233,60.195083],[24.936256,60.195205]],[[24.936256,60.195205],[24.93608,60.195267]],[[24.93608,60.195267],[24.936087,60.195305],[24.936094,60.195351],[24.936099,60.195386],[24.936119,60.195481],[24.936127,60.19552]],[[24.936127,60.19552],[24.93615,60.195641]],[[24.93615,60.195641],[24.936153,60.195693],[24.936152,60.19575]],[[24.936152,60.19575],[24.93629,60.19583]],[[24.93629,60.19583],[24.936292,60.196002],[24.936261,60.196138],[24.936327,60.196177]],[[24.936327,60.196177],[24.93631,60.196202]],[[24.93631,60.196202],[24.936288,60.196244],[24.936273,60.196274],[24.936245,60.196329],[24.936215,60.196387],[24.936166,60.19648]],[[24.93573,60.195458],[24.935722,60.195403],[24.935697,60.19529],[24.935646,60.195059],[24.935648,60.195039],[24.935654,60.194994],[24.935714,60.194897],[24.935718,60.194832],[24.93571,60.194781],[24.935652,60.194406],[24.935619,60.194284],[24.935526,60.194002],[24.93547,60.193855],[24.935401,60.193736],[24.93532,60.193634],[24.935208,60.193541],[24.935012,60.19344],[24.934747,60.193347],[24.934572,60.193309],[24.934459,60.193287],[24.934278,60.193269],[24.934182,60.193263]],[[24.935732,60.195501],[24.93573,60.195458]],[[24.93573,60.19553],[24.935732,60.195501]],[[24.935528,60.196421],[24.935592,60.196278],[24.935651,60.196095],[24.935712,60.195884],[24.935735,60.195732],[24.935734,60.195666],[24.935733,60.195649],[24.935731,60.19555],[24.93573,60.19553]]]}},{"type":"Feature","properties":{"name":"Siltasaarenkatu"},"geometry":{"type":"MultiLineString","coordinates":[[[24.949854,60.179756],[24.949813,60.179731],[24.94978,60.179693],[24.949783,60.179646],[24.949785,60.179619],[24.949743,60.179574],[24.949767,60.179098],[24.949852,60.178412],[24.949855,60.178347],[24.949853,60.178304],[24.949854,60.178278]],[[24.949854,60.178278],[24.949857,60.178164],[24.94986,60.178047],[24.949893,60.177623],[24.949943,60.177062],[24.950038,60.177017]],[[24.950038,60.177017],[24.950046,60.176952],[24.950055,60.176878]],[[24.950693,60.178493],[24.950794,60.178551]],[[24.950651,60.178382],[24.950669,60.178402],[24.950687,60.178447],[24.950691,60.178469],[24.950693,60.178493]],[[24.950424,60.178236],[24.950492,60.178273],[24.950505,60.178281],[24.950556,60.178316],[24.950651,60.178382]],[[24.950254,60.1781],[24.95027,60.178113],[24.950384,60.178204],[24.950424,60.178236]],[[24.950215,60.176956],[24.950295,60.177045],[24.950291,60.177128],[24.950228,60.177744],[24.9502,60.177901],[24.950204,60.177945],[24.950215,60.177978],[24.950271,60.178062],[24.950254,60.1781]],[[24.950199,60.176884],[24.950215,60.176956]]]}},{"type":"Feature","properties":{"name":"Stenbäckinkatu"},"geometry":{"type":"MultiLineString","coordinates":[[[24.908364,60.18528],[24.908326,60.185253],[24.908271,60.185255]],[[24.909133,60.186083],[24.909105,60.186057],[24.909028,60.185985],[24.908704,60.185648],[24.908364,60.18528]],[[24.909267,60.18606],[24.909167,60.186085],[24.909133,60.186083]],[[24.909267,60.18606],[24.909323,60.186115],[24.909338,60.186129]],[[24.909338,60.186129],[24.909388,60.186172]],[[24.909388,60.186172],[24.909466,60.186242]],[[24.909466,60.186242],[24.909677,60.186431],[24.909703,60.186455]],[[24.909703,60.186455],[24.909784,60.186527],[24.909838,60.186576]],[[24.909838,60.186576],[24.909909,60.186639],[24.909985,60.186703],[24.910017,60.186729]],[[24.910017,60.186729],[24.910214,60.186879],[24.910274,60.186922],[24.910571,60.187131],[24.910924,60.187383]],[[24.910924,60.187383],[24.911114,60.187521],[24.911244,60.1876]],[[24.911244,60.1876],[24.911417,60.187706]],[[24.911417,60.187706],[24.911466,60.187734],[24.911538,60.187774],[24.911585,60.1878],[24.911678,60.187851]],[[24.911678,60.187851],[24.912001,60.188033],[24.912288,60.188187]],[[24.912288,60.188187],[24.912542,60.188328]],[[24.912542,60.188328],[24.912571,60.188343],[24.912607,60.188361],[24.912748,60.188433]],[[24.912748,60.188433],[24.912875,60.188497],[24.912944,60.188532],[24.912994,60.188558],[24.913104,60.188614],[24.913134,60.188629]],[[24.913134,60.188629],[24.913288,60.188702]],[[24.913288,60.188702],[24.913692,60.188892],[24.913822,60.188941],[24.913999,60.189013],[24.914228,60.189094],[24.914514,60.189197],[24.914792,60.189279],[24.914946,60.189324]],[[24.914946,60.189324],[24.914985,60.189338],[24.915137,60.189388]],[[24.915137,60.189388],[24.91521,60.189407],[24.915244,60.189416]],[[24.915244,60.189416],[24.915895,60.18958]],[[24.915895,60.18958],[24.916068,60.189625]],[[24.916068,60.189625],[24.916149,60.189647]]]}},{"type":"Feature","properties":{"name":"Teollisuuskatu"},"geometry":{"type":"MultiLineString","coordinates":[[[24.956627,60.190854],[24.956574,60.190874],[24.956224,60.190955],[24.956009,60.191003],[24.955867,60.191038],[24.95549,60.191125],[24.955314,60.191163],[24.955041,60.19124],[24.954774,60.191313],[24.954436,60.191415],[24.95426,60.19149]],[[24.95426,60.19149],[24.954105,60.191488],[24.954019,60.191493]],[[24.954019,60.191493],[24.953837,60.19156],[24.953379,60.191731],[24.952801,60.191948],[24.952676,60.19199]],[[24.952676,60.19199],[24.952246,60.192129],[24.951781,60.192324],[24.950714,60.192826]],[[24.950714,60.192826],[24.950764,60.192856],[24.950818,60.192887],[24.950866,60.192914]],[[24.950866,60.192914],[24.950775,60.192952],[24.95063,60.193013],[24.950401,60.19311],[24.950183,60.193201],[24.950034,60.193263],[24.949706,60.193398],[24.949175,60.193617],[24.948914,60.193725],[24.94877,60.193786],[24.94865,60.193833],[24.948553,60.193872],[24.947439,60.194341],[24.947286,60.194406],[24.947193,60.194445],[24.94708,60.194488],[24.947013,60.194516],[24.94653,60.194714],[24.94649,60.19474],[24.946465,60.194751],[24.946401,60.194777],[24.946178,60.19486],[24.9442,60.195685],[24.94413,60.195715],[24.944087,60.19573]],[[24.944087,60.19573],[24.943927,60.195768],[24.943918,60.19577],[24.943838,60.195788],[24.943773,60.195804],[24.943674,60.195826],[24.9435,60.195868],[24.943117,60.195955],[24.942828,60.196008],[24.942592,60.196047],[24.942214,60.196098],[24.942097,60.19611],[24.941906,60.196129],[24.941607,60.196149],[24.940756,60.196203],[24.940232,60.196234],[24.938268,60.19635],[24.937652,60.196391],[24.936453,60.196464],[24.936166,60.19648]],[[24.936166,60.19648],[24.93611,60.196492]],[[24.93611,60.196492],[24.935934,60.19647],[24.935858,60.196461],[24.935787,60.196452],[24.935672,60.196438],[24.935596,60.19643],[24.935528,60.196421]],[[24.936327,60.196177],[24.937723,60.196094],[24.940201,60.195945],[24.940227,60.195944]],[[24.940227,60.195944],[24.940308,60.195939],[24.940525,60.195927],[24.941689,60.19585],[24.941985,60.195828],[24.942311,60.195797],[24.942604,60.195756],[24.942916,60.195706],[24.943208,60.19564],[24.943454,60.195576],[24.943633,60.195521],[24.943744,60.195483],[24.943855,60.19544],[24.944065,60.195349],[24.944495,60.195173],[24.945503,60.194784],[24.945552,60.194764]],[[24.945552,60.194764],[24.945612,60.194739],[24.94565,60.194723],[24.945717,60.194695],[24.945735,60.194688],[24.945801,60.19466]],[[24.945801,60.19466],[24.945829,60.194646],[24.946643,60.194298],[24.947069,60.194119],[24.948274,60.193618],[24.948368,60.19358],[24.948422,60.193556],[24.948501,60.19352],[24.948533,60.193506]],[[24.948533,60.193506],[24.948944,60.193328],[24.949311,60.193168],[24.949494,60.193082],[24.950537,60.192595],[24.950743,60.192501]],[[24.950743,60.192501],[24.951253,60.192278],[24.951391,60.192217],[24.951516,60.192155],[24.952013,60.191949],[24.952136,60.1919],[24.952224,60.191872],[24.95309,60.19153],[24.953548,60.191362],[24.95377,60.191285],[24.95392,60.191232],[24.954332,60.191098],[24.954471,60.191057],[24.9551,60.190879],[24.955943,60.190644],[24.956868,60.190415],[24.956899,60.190406]]]}},{"type":"Feature","properties":{"name":"Tukholmankatu"},"geometry":{"type":"MultiLineString","coordinates":[[[24.913083,60.191367],[24.913033,60.191341],[24.913001,60.191333],[24.912948,60.191327],[24.912793,60.19131],[24.912731,60.191302],[24.912679,60.191294],[24.912573,60.191279],[24.912466,60.191265]],[[24.912466,60.191265],[24.912382,60.191268],[24.912321,60.191269],[24.912099,60.191281],[24.911877,60.191291],[24.911827,60.191285],[24.911765,60.191268],[24.911669,60.191263],[24.911262,60.191269],[24.911108,60.191273],[24.910917,60.191278]],[[24.910917,60.191278],[24.910796,60.191237]],[[24.910796,60.191237],[24.910776,60.191237],[24.910697,60.191238],[24.910662,60.191237],[24.910509,60.191231]],[[24.910509,60.191231],[24.910359,60.191225]],[[24.910359,60.191225],[24.910175,60.191224]],[[24.910175,60.191224],[24.910062,60.19127]],[[24.910062,60.19127],[24.909676,60.191281],[24.909281,60.191288],[24.908906,60.191294],[24.908795,60.191296],[24.908462,60.191302],[24.908359,60.191304],[24.908325,60.191304],[24.907787,60.191313],[24.90773,60.191316],[24.907604,60.191332],[24.907557,60.191333],[24.907519,60.191334],[24.907412,60.191336],[24.907345,60.19134],[24.907251,60.19136],[24.907133,60.19138],[24.906202,60.191402],[24.906131,60.191404],[24.90574,60.191413],[24.905661,60.191415],[24.905269,60.191422],[24.905141,60.191425],[24.905071,60.191424],[24.904802,60.191392],[24.904746,60.191385],[24.904664,60.191384],[24.904602,60.191383],[24.902347,60.191427],[24.902225,60.191429],[24.902113,60.191433],[24.901817,60.191439],[24.901562,60.191445],[24.901346,60.19145],[24.901271,60.191452],[24.901124,60.191455],[24.901002,60.191457],[24.900635,60.191464],[24.900457,60.19147]],[[24.900457,60.19147],[24.900316,60.191479],[24.900124,60.191499],[24.899923,60.191529],[24.899784,60.191558]],[[24.899722,60.191279],[24.899856,60.19128],[24.900129,60.191277],[24.900251,60.191274]],[[24.900251,60.191274],[24.900415,60.191271]],[[24.900415,60.191271],[24.901118,60.191258],[24.901272,60.191255],[24.901809,60.191244],[24.902146,60.191239],[24.902209,60.191237],[24.902222,60.191237],[24.902625,60.191231],[24.903064,60.191227],[24.903102,60.191226],[24.904452,60.191193],[24.904508,60.191192],[24.90473,60.191182],[24.904837,60.191178],[24.905115,60.191165],[24.905724,60.191153],[24.906484,60.191139],[24.906543,60.191128],[24.906594,60.191106]],[[24.906594,60.191106],[24.906789,60.191086],[24.906982,60.191083],[24.907088,60.191083],[24.907171,60.191081],[24.907257,60.191081],[24.907445,60.191079]],[[24.907445,60.191079],[24.907505,60.191078]],[[24.907505,60.191078],[24.908165,60.191065],[24.908278,60.191062],[24.908391,60.191062],[24.908419,60.191062],[24.908518,60.191064],[24.908562,60.191071],[24.908601,60.19108],[24.908625,60.191087],[24.90871,60.191093],[24.908782,60.191093],[24.90897,60.191092],[24.909025,60.191091],[24.909951,60.191074]],[[24.909951,60.191074],[24.910028,60.191115]],[[24.910028,60.191115],[24.910034,60.191115],[24.910177,60.191114],[24.910442,60.191107]],[[24.910442,60.191107],[24.910598,60.191097]],[[24.910598,60.191097],[24.910798,60.191086],[24.910835,60.191086]],[[24.910835,60.191086],[24.911012,60.191039]],[[24.911012,60.191039],[24.911423,60.191029],[24.911531,60.191028],[24.911686,60.19102],[24.911773,60.191014],[24.911841,60.191006],[24.911922,60.190995],[24.912038,60.190978]],[[24.912038,60.190978],[24.912084,60.190972],[24.912155,60.19097],[24.912373,60.190975],[24.912688,60.190975],[24.912789,60.190978],[24.912866,60.190985],[24.912916,60.190988],[24.913002,60.190996],[24.913064,60.190999]],[[24.913064,60.190999],[24.913145,60.190984]],[[24.913145,60.190984],[24.913346,60.190892]]]}},{"type":"Feature","properties":{"name":"Tyynenmerenkatu"},"geometry":{"type":"MultiLineString","coordinates":[[[24.922408,60.162204],[24.922114,60.162124],[24.921779,60.161993],[24.921716,60.161966],[24.92167,60.16193],[24.92163,60.161896],[24.921595,60.161861],[24.92157,60.161825],[24.921556,60.161791],[24.92155,60.161752],[24.921552,60.161713],[24.921614,60.16138]],[[24.921614,60.16138],[24.921737,60.160711],[24.921743,60.160668],[24.921742,60.160626],[24.921732,60.160591],[24.921708,60.160553],[24.921678,60.160519],[24.92164,60.160486],[24.921591,60.160456],[24.921531,60.160425],[24.921465,60.160398],[24.92139,60.160378],[24.921302,60.160361],[24.921203,60.160351],[24.921104,60.160345],[24.920978,60.160339]],[[24.920978,60.160339],[24.920986,60.16029],[24.920988,60.160276],[24.920991,60.160261],[24.920993,60.16025],[24.920994,60.160242],[24.920999,60.160214],[24.921,60.160205],[24.921002,60.160192],[24.921005,60.160178],[24.921008,60.160159],[24.921015,60.160112]],[[24.916926,60.159276],[24.91708,60.159282],[24.917141,60.159293],[24.917182,60.159308],[24.917799,60.159524],[24.917942,60.159574],[24.918084,60.159624],[24.919169,60.160007],[24.919264,60.160033],[24.919382,60.160054],[24.919501,60.160066],[24.919639,60.160074],[24.919792,60.160077],[24.919936,60.160079],[24.920102,60.160079],[24.920249,60.160083],[24.920914,60.160112],[24.920974,60.160115],[24.921015,60.160112]],[[24.921015,60.160112],[24.921053,60.160101],[24.92108,60.16008],[24.921103,60.16006],[24.921119,60.16004]],[[24.921119,60.16004],[24.921162,60.159954],[24.921176,60.159915],[24.921219,60.159648],[24.921241,60.159594],[24.921304,60.159471],[24.921347,60.159421]],[[24.921347,60.159421],[24.92135,60.159395],[24.921376,60.159307],[24.921409,60.159234],[24.921427,60.159187]],[[24.921427,60.159187],[24.921374,60.159116],[24.921374,60.159079],[24.921451,60.158648],[24.921473,60.158611],[24.921569,60.158528]],[[24.921569,60.158528],[24.921577,60.158485],[24.921589,60.158421],[24.9216,60.158355]],[[24.9216,60.158355],[24.921533,60.158268],[24.921528,60.158238],[24.921589,60.157878],[24.921605,60.157851],[24.921702,60.15778]],[[24.921702,60.15778],[24.921712,60.157725],[24.921724,60.157662],[24.921736,60.157598]],[[24.921736,60.157598],[24.921671,60.157509],[24.921665,60.157481],[24.921721,60.157129],[24.921744,60.156993],[24.921735,60.156956],[24.921744,60.156897],[24.921759,60.15682],[24.921782,60.156711],[24.921784,60.156641],[24.921775,60.156598],[24.921257,60.156104],[24.921184,60.156034],[24.921059,60.155956]],[[24.921059,60.155956],[24.921048,60.155946],[24.921004,60.155905],[24.920807,60.155723],[24.92059,60.155523]],[[24.92059,60.155523],[24.920575,60.155509],[24.920529,60.155479],[24.920396,60.155411],[24.920349,60.155378],[24.920322,60.155351]],[[24.920322,60.155351],[24.920311,60.155306],[24.920309,60.155299]],[[24.920309,60.155299],[24.919771,60.154796],[24.919526,60.154567],[24.91949,60.154535],[24.919466,60.154512]],[[24.919466,60.154512],[24.919426,60.154475],[24.918828,60.153923],[24.918806,60.153899],[24.918772,60.153862],[24.918731,60.153786],[24.918697,60.153745],[24.917889,60.152991],[24.91768,60.152794],[24.917617,60.152761],[24.917532,60.152734],[24.917437,60.152716]],[[24.917437,60.152716],[24.917233,60.152688],[24.91718,60.152671],[24.917135,60.152646]],[[24.917135,60.152646],[24.917055,60.152599]],[[24.917055,60.152599],[24.91702,60.152576],[24.916985,60.152547],[24.916972,60.152525],[24.916957,60.152498],[24.916957,60.15247],[24.916969,60.152434],[24.916986,60.152399],[24.917008,60.152377]],[[24.917008,60.152377],[24.916966,60.152346],[24.916903,60.1523],[24.916608,60.152017],[24.916449,60.151867],[24.916159,60.151595],[24.915563,60.151065],[24.915407,60.150951],[24.915251,60.150887]],[[24.915251,60.150887],[24.91519,60.15087],[24.915082,60.150839],[24.914997,60.150835],[24.914896,60.150827]],[[24.914896,60.150827],[24.914805,60.150797],[24.914756,60.150765],[24.914722,60.150738],[24.914695,60.150712],[24.914672,60.150688],[24.914646,60.150643],[24.91465,60.150595]],[[24.91465,60.150595],[24.914696,60.150541],[24.914741,60.150505],[24.914794,60.150482],[24.914874,60.150462],[24.914979,60.150437],[24.915072,60.150436],[24.915145,60.15044],[24.915576,60.150545]],[[24.915576,60.150545],[24.915732,60.150598],[24.915814,60.15065]],[[24.915814,60.15065],[24.91597,60.150792],[24.916517,60.151295],[24.916942,60.15169],[24.917454,60.152172]],[[24.917454,60.152172],[24.917488,60.152206],[24.917538,60.152231]],[[24.917538,60.152231],[24.917631,60.152247],[24.917715,60.152271],[24.917764,60.152309],[24.917839,60.152374],[24.917918,60.152452],[24.917997,60.15252]],[[24.917997,60.15252],[24.918018,60.152548],[24.918025,60.152573],[24.918019,60.152602],[24.918019,60.152637],[24.918031,60.15267],[24.918055,60.152706],[24.918117,60.152766],[24.91826,60.152899],[24.918433,60.15306],[24.918663,60.153275],[24.918918,60.153512],[24.918986,60.153568],[24.919057,60.153614],[24.919088,60.153633],[24.919144,60.153666],[24.919225,60.153714],[24.919265,60.153737],[24.919306,60.153771],[24.919329,60.15379],[24.919373,60.153833],[24.919486,60.153938],[24.919554,60.154004],[24.919693,60.154131],[24.919823,60.154254],[24.919991,60.154408],[24.920028,60.154443],[24.920059,60.154474],[24.92011,60.154546],[24.920151,60.154627],[24.920199,60.154699],[24.920245,60.154752],[24.920521,60.15501],[24.920769,60.155115]],[[24.920769,60.155115],[24.92085,60.155158],[24.920919,60.155211],[24.920942,60.155237],[24.920949,60.155245],[24.920968,60.155266],[24.920979,60.155294],[24.920976,60.155364],[24.920984,60.155401],[24.921875,60.156249],[24.921912,60.156285],[24.921939,60.156312],[24.922003,60.156374],[24.922045,60.156409]],[[24.922045,60.156409],[24.922129,60.156489],[24.92232,60.156633],[24.922369,60.156695]],[[24.922369,60.156695],[24.922383,60.156719],[24.922395,60.156748]],[[24.922395,60.156748],[24.922398,60.156846]],[[24.922398,60.156846],[24.922396,60.156873],[24.922391,60.156928]],[[24.922391,60.156928],[24.922377,60.156965],[24.922358,60.15698],[24.92228,60.157021],[24.922206,60.157075],[24.922163,60.157116],[24.922134,60.157158],[24.92211,60.15721],[24.922022,60.157676],[24.92201,60.157738]],[[24.92201,60.157738],[24.921979,60.157902]],[[24.921979,60.157902],[24.921892,60.158369]],[[24.921892,60.158369],[24.92188,60.158433],[24.921868,60.158498]],[[24.921868,60.158498],[24.921857,60.158572],[24.921756,60.159131],[24.921743,60.1592],[24.921742,60.159243],[24.921745,60.159286],[24.921758,60.159374],[24.921758,60.15941]],[[24.921758,60.15941],[24.921755,60.15944],[24.92175,60.159477],[24.921673,60.159893],[24.921668,60.159928],[24.921664,60.159953],[24.921664,60.15999],[24.92167,60.160026],[24.921683,60.160064]],[[24.921683,60.160064],[24.9217,60.1601],[24.921724,60.16013],[24.921757,60.160158],[24.921803,60.160188],[24.921857,60.160216],[24.921996,60.160276],[24.922055,60.160304],[24.92211,60.160337],[24.922156,60.160371],[24.922193,60.16041],[24.922211,60.160447],[24.92222,60.160473],[24.922228,60.16054],[24.922224,60.160597],[24.92214,60.161001],[24.922111,60.161131]],[[24.922111,60.161131],[24.922195,60.161253],[24.922244,60.161366],[24.922261,60.161454],[24.922263,60.161583],[24.922291,60.16167],[24.922347,60.161755],[24.922486,60.161863],[24.922773,60.16195]]]}},{"type":"Feature","properties":{"name":"Töölönlahden puisto"},"geometry":{"type":"MultiLineString","coordinates":[[[24.93858,60.172889],[24.938497,60.172884]],[[24.938497,60.172884],[24.938448,60.172888],[24.938411,60.172878]],[[24.938411,60.172878],[24.93703,60.172786],[24.936568,60.172757],[24.936464,60.172748]],[[24.936464,60.172748],[24.936444,60.172793],[24.936364,60.172928],[24.936355,60.172945],[24.936122,60.173341],[24.936112,60.173357],[24.936009,60.17353],[24.935787,60.173912],[24.935703,60.174051],[24.935492,60.174411]],[[24.935492,60.174411],[24.93547,60.174475],[24.935456,60.174557]],[[24.935456,60.174557],[24.935449,60.174585],[24.935053,60.175278]],[[24.935053,60.175278],[24.934899,60.175531]],[[24.934899,60.175531],[24.934878,60.175568],[24.934892,60.175634],[24.934914,60.175778],[24.93493,60.175851],[24.934938,60.175968],[24.934926,60.176056],[24.934906,60.176129],[24.934871,60.176238],[24.934805,60.17637],[24.934716,60.176519],[24.934606,60.176663],[24.934482,60.1768],[24.934398,60.17688],[24.934386,60.176891],[24.93434,60.176927],[24.934296,60.176967],[24.934278,60.176981],[24.93425,60.176994],[24.934209,60.177005]],[[24.938274,60.174655],[24.938256,60.174639],[24.938236,60.174631],[24.938209,60.174625],[24.938163,60.174622],[24.937781,60.174612],[24.937686,60.174619],[24.93765,60.174619],[24.937619,60.174618],[24.937548,60.174617],[24.937486,60.174606],[24.936469,60.174579],[24.936379,60.174587],[24.936331,60.174585],[24.936275,60.174582],[24.936192,60.174571],[24.935644,60.174557],[24.935559,60.17456],[24.93551,60.174561],[24.935456,60.174557],[24.935375,60.174547],[24.935283,60.174532],[24.935166,60.174509],[24.935065,60.174482],[24.93486,60.174387],[24.934441,60.1742],[24.933965,60.173988],[24.933885,60.17398],[24.933806,60.173973]],[[24.938411,60.172878],[24.938451,60.172874],[24.938497,60.172884]]]}},{"type":"Feature","properties":{"name":"Urheilukatu"},"geometry":{"type":"MultiLineString","coordinates":[[[24.925526,60.184582],[24.925499,60.184601],[24.925453,60.184633],[24.925407,60.184666],[24.925248,60.184779],[24.925196,60.184816],[24.925119,60.184877],[24.92355,60.18598],[24.922645,60.18661],[24.922592,60.186646],[24.92254,60.186682],[24.921602,60.187328],[24.921157,60.187633],[24.920679,60.188007],[24.919608,60.188829],[24.919587,60.188846],[24.919549,60.188871],[24.919508,60.188902],[24.919451,60.188944],[24.919418,60.188973],[24.919363,60.189008]],[[24.919363,60.189008],[24.919284,60.189059],[24.919257,60.189076],[24.919154,60.189163]],[[24.919154,60.189163],[24.918878,60.189396],[24.918798,60.189465],[24.918519,60.189702]],[[24.918519,60.189702],[24.918451,60.189754],[24.91841,60.189792],[24.918381,60.189818],[24.918354,60.189844],[24.918346,60.189877]],[[24.918346,60.189877],[24.918291,60.189899],[24.918238,60.189927],[24.917898,60.190134],[24.917758,60.190148]]]}},{"type":"Feature","properties":{"name":"Vanha talvitie - Panimokatu"},"geometry":{"type":"MultiLineString","coordinates":[[[24.974127,60.188905],[24.974196,60.188975],[24.974216,60.188993]],[[24.974216,60.188993],[24.974226,60.189003],[24.974467,60.189242]],[[24.974467,60.189242],[24.974542,60.189316]],[[24.974542,60.189316],[24.974735,60.189506]],[[24.974735,60.189506],[24.974792,60.189566]],[[24.974792,60.189566],[24.974918,60.189686],[24.974981,60.189746],[24.975119,60.18988]],[[24.975119,60.18988],[24.975223,60.18998],[24.975246,60.190003]],[[24.975246,60.190003],[24.975275,60.19003],[24.975343,60.190096],[24.975382,60.190134]],[[24.975382,60.190134],[24.975541,60.190288],[24.975706,60.19045]],[[24.975706,60.19045],[24.975828,60.190573],[24.975959,60.190699]],[[24.975959,60.190699],[24.976045,60.190783]],[[24.976045,60.190783],[24.976162,60.190897]],[[24.976162,60.190897],[24.976223,60.190958]],[[24.976223,60.190958],[24.976337,60.19107],[24.976362,60.191094]],[[24.976362,60.191094],[24.976459,60.19119],[24.976619,60.191347]],[[24.976619,60.191347],[24.976784,60.19151],[24.97694,60.191665]],[[24.97694,60.191665],[24.977152,60.191875]],[[24.977152,60.191875],[24.977202,60.191924],[24.977441,60.192161],[24.977479,60.192199]],[[24.977479,60.192199],[24.977537,60.192256],[24.977608,60.192327]],[[24.977608,60.192327],[24.977664,60.192364],[24.977712,60.192381],[24.97775,60.192393],[24.977782,60.192402]],[[24.977782,60.192402],[24.977843,60.192389],[24.978025,60.192396],[24.97807,60.192402],[24.978263,60.192431],[24.978399,60.192447],[24.978454,60.192453],[24.978588,60.192468]],[[24.978227,60.192497],[24.97803,60.192475],[24.97798,60.192468],[24.977809,60.19243],[24.977782,60.192402]],[[24.978554,60.192534],[24.978418,60.192518],[24.978365,60.192512],[24.978227,60.192497]],[[24.972971,60.188246],[24.973016,60.188287],[24.973274,60.188543],[24.973667,60.188931]],[[24.973667,60.188931],[24.974058,60.188837]],[[24.974058,60.188837],[24.974127,60.188905]],[[24.974127,60.188905],[24.974054,60.188961],[24.97399,60.188982],[24.973737,60.189043],[24.97365,60.189052],[24.973568,60.189042]],[[24.973568,60.189042],[24.973498,60.188972]],[[24.973498,60.188972],[24.973449,60.188922],[24.973334,60.188807]]]}},{"type":"Feature","properties":{"name":"Vauhtitie"},"geometry":{"type":"MultiLineString","coordinates":[[[24.931714,60.192622],[24.931804,60.192594],[24.931881,60.192549],[24.932039,60.192444],[24.932109,60.192394],[24.932242,60.192291],[24.93235,60.192189],[24.932441,60.19208],[24.932501,60.191986],[24.932852,60.191246],[24.932873,60.191188],[24.932886,60.191135],[24.932887,60.191067],[24.932854,60.190862],[24.932869,60.190795],[24.932882,60.190748],[24.932888,60.190651],[24.932889,60.190582],[24.932921,60.19047],[24.933077,60.190136],[24.933133,60.190017],[24.933595,60.189089],[24.933626,60.189042],[24.933663,60.189006],[24.933737,60.188955],[24.933846,60.188895],[24.933998,60.18881],[24.934058,60.188767],[24.934111,60.188722],[24.934162,60.188666],[24.934199,60.188612],[24.934283,60.188474],[24.934333,60.188394],[24.93477,60.187776],[24.934813,60.187708],[24.934835,60.187665],[24.934852,60.18762],[24.934864,60.187533],[24.934851,60.187494],[24.934843,60.187468],[24.934821,60.187399],[24.934787,60.187351],[24.934721,60.187261],[24.934626,60.187138],[24.934426,60.18698],[24.934031,60.186511],[24.934005,60.18643],[24.933889,60.185586],[24.933873,60.185486],[24.933861,60.185428],[24.933846,60.185343]],[[24.93114,60.192524],[24.931555,60.192524],[24.9317,60.19251],[24.931848,60.192489],[24.932039,60.192444]],[[24.934426,60.18698],[24.934544,60.186945],[24.934641,60.186919]],[[24.934641,60.186919],[24.93471,60.18682],[24.9347,60.186732],[24.934649,60.18631],[24.934573,60.186106],[24.934459,60.185909],[24.934393,60.185824],[24.934171,60.185563],[24.934118,60.185476],[24.934104,60.185419],[24.934095,60.185376]],[[24.93409,60.185346],[24.934094,60.185368],[24.934095,60.185376]],[[24.934124,60.185156],[24.934088,60.185179],[24.93407,60.185233],[24.93409,60.185346]],[[24.934283,60.184905],[24.934249,60.184956],[24.934201,60.185033],[24.934185,60.185058],[24.93415,60.185114],[24.934124,60.185156]]]}},{"type":"Feature","properties":{"name":"Veturitie"},"geometry":{"type":"MultiLineString","coordinates":[[[24.929498,60.195131],[24.929559,60.195041],[24.929649,60.19491],[24.929957,60.194273],[24.929985,60.194149],[24.92999,60.194085],[24.929988,60.194036],[24.929973,60.19392],[24.929915,60.193767],[24.929861,60.193677],[24.929783,60.193578],[24.929226,60.193045],[24.929137,60.192935],[24.92912,60.192886],[24.929101,60.192772],[24.929108,60.192665],[24.929123,60.192563],[24.929125,60.192515]],[[24.929747,60.195807],[24.929706,60.195788],[24.929667,60.195708],[24.929643,60.195612],[24.929638,60.19557],[24.929619,60.195461],[24.929648,60.195364],[24.929655,60.195321],[24.929645,60.195294],[24.929595,60.195266],[24.929552,60.195245],[24.929498,60.195222],[24.929468,60.195194],[24.929473,60.195176],[24.929498,60.195131]],[[24.930418,60.195707],[24.93032,60.195718],[24.930251,60.195728],[24.930047,60.195759],[24.929915,60.195781],[24.929747,60.195807]],[[24.930322,60.195266],[24.930333,60.195333],[24.930337,60.195427],[24.930344,60.1955],[24.93036,60.195576],[24.930384,60.195646],[24.930418,60.195707]],[[24.930418,60.195707],[24.930456,60.195774],[24.930492,60.195823],[24.930558,60.195894],[24.930621,60.195952],[24.930701,60.196013],[24.9308,60.196078],[24.931606,60.196593],[24.931642,60.196612],[24.931677,60.196626],[24.931728,60.196643],[24.931766,60.196658],[24.931814,60.196679],[24.931904,60.196734],[24.931976,60.19678]],[[24.931976,60.19678],[24.932066,60.196857],[24.932168,60.196965]],[[24.932168,60.196965],[24.932329,60.197137],[24.932374,60.197195],[24.932407,60.197213],[24.932449,60.197232],[24.932519,60.197252],[24.932592,60.197283],[24.93265,60.197321]],[[24.93265,60.197321],[24.932689,60.197372],[24.932714,60.197431],[24.932741,60.197482],[24.932755,60.197519],[24.932748,60.197538],[24.932731,60.197554],[24.932701,60.197571],[24.932618,60.197608],[24.932596,60.197625],[24.932579,60.197646],[24.932566,60.197681],[24.932567,60.197754]],[[24.932567,60.197754],[24.932599,60.19785],[24.932592,60.197906],[24.932402,60.198284]],[[24.931311,60.199052],[24.931388,60.198881],[24.931532,60.198548],[24.931678,60.198215],[24.93179,60.197983],[24.93185,60.197925],[24.931888,60.197872],[24.931931,60.197778]],[[24.93127,60.199138],[24.931285,60.199109],[24.931299,60.199081],[24.931311,60.199052]],[[24.931163,60.199358],[24.931198,60.199285],[24.931213,60.199253],[24.931245,60.199187],[24.93127,60.199138]],[[24.930916,60.200005],[24.931123,60.199584],[24.931173,60.199433],[24.931163,60.199358]],[[24.930649,60.20055],[24.930916,60.200005]],[[24.930649,60.20055],[24.930583,60.200593],[24.930557,60.200638],[24.930532,60.200702],[24.9305,60.200775]],[[24.930528,60.200803],[24.9305,60.200775]],[[24.929923,60.20205],[24.930007,60.201829],[24.930162,60.201513],[24.930222,60.201441],[24.930269,60.201364],[24.930489,60.200924],[24.930528,60.200803]],[[24.929335,60.20249],[24.929664,60.202279],[24.929893,60.202088],[24.929923,60.20205]],[[24.928066,60.20323],[24.92822,60.203169],[24.929335,60.20249]],[[24.92765,60.20345],[24.927677,60.203411],[24.92776,60.203372],[24.927914,60.203296],[24.928029,60.203235],[24.928066,60.20323]],[[24.92655,60.204616],[24.926541,60.204522],[24.926548,60.204457],[24.92656,60.204409],[24.92659,60.204321],[24.926624,60.204242],[24.926662,60.204185],[24.926691,60.204133],[24.92678,60.20404],[24.926933,60.203912],[24.927182,60.203744],[24.927549,60.203517],[24.92765,60.20345]],[[24.926959,60.205386],[24.926893,60.205312],[24.926857,60.205274],[24.92661,60.204996],[24.926597,60.204968],[24.92655,60.204616]],[[24.926996,60.205427],[24.926959,60.205386]],[[24.926996,60.205427],[24.927182,60.205351],[24.92741,60.205266],[24.927579,60.205201]],[[24.927466,60.205109],[24.927516,60.20516],[24.927579,60.205201],[24.92762,60.20522]],[[24.927367,60.204175],[24.927278,60.204266],[24.927226,60.204333],[24.927199,60.204392],[24.927162,60.204481],[24.927153,60.204537],[24.927149,60.204597],[24.927159,60.20467],[24.927174,60.20473],[24.927208,60.204796],[24.927251,60.204857],[24.927317,60.204941],[24.927466,60.205109]],[[24.931931,60.197778],[24.931915,60.197736],[24.931881,60.197715],[24.931832,60.197698],[24.931761,60.197692],[24.931718,60.197684],[24.931689,60.197678]],[[24.931689,60.197678],[24.931622,60.197635],[24.931591,60.197608],[24.931577,60.19758],[24.931565,60.197558]],[[24.931565,60.197558],[24.931562,60.197552],[24.931563,60.197517],[24.931572,60.197474],[24.931601,60.197429],[24.931649,60.197389],[24.931709,60.197346],[24.931732,60.197335]],[[24.931732,60.197335],[24.93176,60.19732]],[[24.93176,60.19732],[24.931803,60.197301],[24.931844,60.197285]],[[24.931844,60.197285],[24.931881,60.197272],[24.931949,60.197254],[24.932069,60.197229],[24.932156,60.197217],[24.932227,60.197212]],[[24.932227,60.197212],[24.932274,60.197209],[24.932407,60.197213]],[[24.932402,60.198284],[24.932285,60.19851]],[[24.932285,60.19851],[24.932265,60.198551],[24.932223,60.198641],[24.932201,60.198685],[24.932193,60.1987],[24.932166,60.198758]],[[24.932166,60.198758],[24.932163,60.198764],[24.932118,60.198859],[24.931996,60.19911],[24.93196,60.199184],[24.931878,60.199329],[24.931804,60.199451],[24.931743,60.199554],[24.931645,60.199724],[24.931543,60.199904],[24.931215,60.20061]],[[24.931215,60.20061],[24.9311,60.200866]],[[24.9311,60.200866],[24.931079,60.20091],[24.93107,60.200915],[24.931047,60.200922],[24.931029,60.200935],[24.930857,60.201319],[24.93085,60.201359],[24.93085,60.201418],[24.930839,60.201461]],[[24.930839,60.201461],[24.930773,60.201601],[24.930762,60.201642],[24.93075,60.201704],[24.930739,60.201753],[24.93073,60.201795],[24.930509,60.202089],[24.930492,60.202109],[24.930473,60.202127],[24.930436,60.202151],[24.930405,60.202177],[24.930363,60.202205],[24.930217,60.20234],[24.930088,60.202446]],[[24.930088,60.202446],[24.929895,60.202596],[24.929485,60.202851]],[[24.929485,60.202851],[24.928566,60.203423]],[[24.928566,60.203423],[24.927936,60.203809],[24.927607,60.204001],[24.927421,60.204124],[24.927367,60.204175]],[[24.932566,60.197681],[24.93252,60.197681]],[[24.93252,60.197681],[24.932478,60.197678],[24.932404,60.197677]],[[24.932404,60.197677],[24.93234,60.197683],[24.93215,60.197719],[24.932049,60.197727],[24.932015,60.197729]],[[24.92762,60.20522],[24.927677,60.205278],[24.927779,60.205391],[24.927802,60.205415]],[[24.927802,60.205415],[24.927882,60.205497],[24.927925,60.205542],[24.927944,60.205577],[24.928157,60.205991],[24.928207,60.206118],[24.928353,60.206401],[24.928487,60.206625],[24.92887,60.20734]],[[24.929592,60.206915],[24.929603,60.206933],[24.929616,60.206967],[24.929622,60.206992],[24.929617,60.207023],[24.929593,60.207083],[24.929553,60.207133],[24.929485,60.207183],[24.92942,60.207219],[24.929362,60.20724],[24.929237,60.207272],[24.92903,60.207316],[24.92887,60.20734]],[[24.92887,60.20734],[24.928946,60.20749],[24.928996,60.207583],[24.928999,60.207602]],[[24.928999,60.207602],[24.928996,60.207623],[24.928992,60.207663],[24.929012,60.2077],[24.929052,60.207726],[24.929151,60.207791],[24.929196,60.207818]],[[24.929196,60.207818],[24.92924,60.207845],[24.929187,60.207903],[24.929161,60.207944],[24.929161,60.207974],[24.929187,60.208005]],[[24.929187,60.208005],[24.929263,60.208073],[24.929375,60.208216]],[[24.929375,60.208216],[24.929605,60.20851],[24.929851,60.208822],[24.929994,60.209026],[24.93033,60.209617]],[[24.93033,60.209617],[24.930632,60.21015]],[[24.930632,60.21015],[24.931431,60.211619],[24.931473,60.211653],[24.931566,60.211689],[24.931585,60.211719]],[[24.931585,60.211719],[24.931604,60.21175],[24.931675,60.211883],[24.931695,60.211932]],[[24.931695,60.211932],[24.931703,60.211952],[24.931709,60.21207],[24.931759,60.212168],[24.931849,60.212266],[24.931898,60.212351],[24.931964,60.212463],[24.931985,60.212499],[24.931994,60.21253],[24.932049,60.21274],[24.932527,60.213591]],[[24.932527,60.213591],[24.933218,60.21483],[24.933541,60.215491],[24.933709,60.215897],[24.933864,60.216308],[24.933979,60.216903]],[[24.933979,60.216903],[24.934037,60.217357],[24.934047,60.217722],[24.934017,60.218168]],[[24.934017,60.218168],[24.933959,60.218623],[24.933864,60.218989],[24.933724,60.219424],[24.933582,60.219774],[24.933449,60.220152],[24.933438,60.220202],[24.93346,60.220228]],[[24.93346,60.220228],[24.933533,60.220256],[24.933637,60.220283],[24.933696,60.220309]],[[24.933696,60.220309],[24.933622,60.220539]],[[24.931732,60.197335],[24.931604,60.197202],[24.931452,60.197077],[24.931207,60.19692],[24.930619,60.196543],[24.930345,60.196364],[24.93014,60.196227],[24.930009,60.196116],[24.929889,60.195961],[24.929809,60.195854],[24.929747,60.195807]],[[24.929143,60.208015],[24.929187,60.208005]],[[24.928749,60.208076],[24.928863,60.208067],[24.929063,60.208033],[24.929143,60.208015]],[[24.92714,60.207716],[24.927283,60.207847],[24.927429,60.207933],[24.927564,60.207983],[24.927747,60.208025],[24.927935,60.208046],[24.928147,60.208047],[24.928424,60.208029],[24.928518,60.208033],[24.92858,60.20804],[24.928659,60.20806],[24.928699,60.208073],[24.928749,60.208076]],[[24.926688,60.20627],[24.926633,60.206142],[24.926605,60.206079],[24.926598,60.206018],[24.926606,60.205956],[24.926634,60.205886],[24.92668,60.20582],[24.926749,60.205727],[24.926871,60.205608],[24.927013,60.205499],[24.927028,60.205476],[24.926996,60.205427]],[[24.926968,60.207551],[24.926837,60.207498],[24.926686,60.207408],[24.926619,60.207326],[24.926559,60.207243],[24.92652,60.20699],[24.926457,60.206896],[24.92652,60.206819],[24.926603,60.206762],[24.926662,60.206716],[24.926708,60.206653],[24.926728,60.20657],[24.926697,60.206481],[24.92664,60.206395],[24.926587,60.20633],[24.926585,60.206303],[24.92662,60.206286],[24.926688,60.20627]]]}},{"type":"Feature","properties":{"name":"Viides linja - Haapaniemenkatu"},"geometry":{"type":"MultiLineString","coordinates":[[[24.953226,60.183313],[24.953255,60.183197]],[[24.953255,60.183197],[24.953486,60.183104],[24.953493,60.183102],[24.953599,60.18306],[24.953654,60.183039],[24.953743,60.183004],[24.953799,60.182982],[24.953896,60.182944],[24.95426,60.182801],[24.954335,60.182771],[24.95435,60.182765],[24.95441,60.182742],[24.954531,60.182696],[24.954594,60.182672],[24.954685,60.182637],[24.954766,60.182605],[24.954907,60.182549],[24.955073,60.182484],[24.955195,60.182436],[24.955429,60.182344],[24.955589,60.182282]],[[24.955589,60.182282],[24.955848,60.182278]],[[24.955848,60.182278],[24.955878,60.182267],[24.955933,60.182245]],[[24.955933,60.182245],[24.956063,60.182195]],[[24.956063,60.182195],[24.956106,60.182144],[24.956124,60.182122],[24.956179,60.182058]],[[24.956179,60.182058],[24.956301,60.181999],[24.95636,60.181973]],[[24.95636,60.181973],[24.956446,60.181935]],[[24.956446,60.181935],[24.956493,60.181838]],[[24.956493,60.181838],[24.957092,60.181573],[24.957365,60.181451],[24.957457,60.181408],[24.957554,60.181363],[24.958843,60.180777],[24.958972,60.180723]],[[24.959236,60.180896],[24.959156,60.180844],[24.959119,60.180823],[24.959098,60.180811],[24.959038,60.180768],[24.958972,60.180723]],[[24.959236,60.180896],[24.958954,60.181022],[24.958809,60.181086],[24.958694,60.181138],[24.958221,60.181349],[24.957747,60.181558],[24.957637,60.181609],[24.957447,60.181695],[24.957037,60.181871],[24.95692,60.18192],[24.956793,60.181971]],[[24.956793,60.181971],[24.956604,60.181985]],[[24.956604,60.181985],[24.956519,60.182023],[24.956447,60.182057],[24.956319,60.182115]],[[24.956319,60.182115],[24.9562,60.182152],[24.956159,60.182165],[24.956063,60.182195]],[[24.955848,60.182278],[24.955825,60.182394]],[[24.955825,60.182394],[24.955749,60.182424],[24.955731,60.182431],[24.955644,60.182466],[24.95559,60.182487],[24.955559,60.182499],[24.955369,60.182572],[24.955231,60.182625],[24.955108,60.182673],[24.954876,60.182762],[24.954845,60.182775],[24.954737,60.182821],[24.954654,60.182855],[24.954538,60.182897],[24.954379,60.18296],[24.954338,60.182976],[24.95428,60.183],[24.95425,60.183011],[24.954231,60.183019],[24.954202,60.183031],[24.954169,60.183044],[24.954133,60.183058],[24.9541,60.183071],[24.954064,60.183085],[24.954057,60.183088],[24.954017,60.183104],[24.953934,60.183137],[24.953784,60.183197]],[[24.953784,60.183197],[24.953481,60.183212]]]}},{"type":"Feature","properties":{"name":"Viipurinkatu"},"geometry":{"type":"MultiLineString","coordinates":[[[24.934213,60.192913],[24.935046,60.192637],[24.935366,60.192533],[24.935478,60.192499],[24.935889,60.192377]],[[24.935889,60.192377],[24.936015,60.192334],[24.936364,60.192196],[24.936781,60.192022],[24.937428,60.191762],[24.93752,60.191725],[24.937975,60.191553],[24.938323,60.191442],[24.938506,60.19139],[24.93864,60.191352],[24.938901,60.191282],[24.939156,60.191237],[24.939445,60.19119],[24.939626,60.191174],[24.939755,60.191173],[24.939933,60.191166],[24.940471,60.191133],[24.940502,60.191132],[24.941136,60.191101],[24.941221,60.191095],[24.941278,60.191091]],[[24.941278,60.191091],[24.941467,60.191084]],[[24.941625,60.191231],[24.941353,60.191244]],[[24.941353,60.191244],[24.941158,60.191249],[24.941142,60.191249],[24.940514,60.19127],[24.94047,60.191272],[24.939961,60.191287]],[[24.939961,60.191287],[24.939836,60.191249],[24.939791,60.191236]],[[24.939492,60.191272],[24.939791,60.191236]],[[24.939052,60.191345],[24.939246,60.191307],[24.939492,60.191272]],[[24.938467,60.19149],[24.93859,60.191456],[24.938717,60.191421],[24.938889,60.19138],[24.939052,60.191345]],[[24.937703,60.191748],[24.937882,60.191682],[24.938072,60.191613],[24.938272,60.191549],[24.938467,60.19149]],[[24.937474,60.191837],[24.937516,60.19182],[24.937612,60.191783],[24.937703,60.191748]],[[24.937103,60.191984],[24.937474,60.191837]],[[24.937103,60.191984],[24.937099,60.192007],[24.937087,60.192074]],[[24.937087,60.192074],[24.936641,60.192253],[24.93617,60.192436]],[[24.93617,60.192436],[24.936032,60.192476],[24.935935,60.192505],[24.935685,60.192595],[24.93532,60.192741]],[[24.93617,60.192436],[24.936032,60.192476],[24.935935,60.192505],[24.935685,60.192595],[24.93532,60.192741]],[[24.93532,60.192741],[24.934643,60.192991],[24.93453,60.193037],[24.934359,60.1931]],[[24.934359,60.1931],[24.934245,60.193205],[24.934182,60.193263]]]}},{"type":"Feature","properties":{"name":"Vilhonvuorenkatu"},"geometry":{"type":"MultiLineString","coordinates":[[[24.963923,60.187734],[24.963895,60.187789],[24.96384,60.187808],[24.963553,60.187902],[24.963492,60.187922]],[[24.964,60.187709],[24.963962,60.187722],[24.963923,60.187734]],[[24.965087,60.187352],[24.964974,60.187389],[24.964652,60.187494],[24.964,60.187709]],[[24.965267,60.187292],[24.965253,60.187297],[24.965087,60.187352]],[[24.965567,60.187154],[24.965437,60.187229],[24.965293,60.187284],[24.965267,60.187292]],[[24.965723,60.187099],[24.965567,60.187154]],[[24.966644,60.186748],[24.966421,60.18682],[24.966277,60.186894],[24.966082,60.186979],[24.965918,60.187037],[24.965723,60.187099]],[[24.967098,60.186607],[24.967014,60.186634],[24.966811,60.186694],[24.966644,60.186748]],[[24.967223,60.186566],[24.967098,60.186607]],[[24.967416,60.186504],[24.967223,60.186566]],[[24.967416,60.186504],[24.967546,60.186415],[24.967761,60.186344],[24.967877,60.186307]],[[24.967877,60.186307],[24.968015,60.186262]],[[24.968015,60.186262],[24.968133,60.186225],[24.968234,60.186194]],[[24.968234,60.186194],[24.968374,60.186144],[24.968454,60.186117]],[[24.968454,60.186117],[24.968549,60.186019]],[[24.968549,60.186019],[24.968649,60.185984],[24.968814,60.185914],[24.96901,60.185847],[24.969493,60.185681],[24.970216,60.185436],[24.970517,60.185337],[24.971213,60.185101],[24.972151,60.184783],[24.972371,60.18471],[24.972538,60.184653],[24.97304,60.184481],[24.973131,60.184446],[24.973199,60.184412],[24.973264,60.184372],[24.973382,60.184247],[24.973468,60.184201],[24.973771,60.184091],[24.973835,60.184077],[24.9739,60.18407],[24.973968,60.184068],[24.974045,60.184073],[24.974111,60.184083],[24.974176,60.18409],[24.974236,60.184091],[24.974316,60.184087],[24.974389,60.184078]],[[24.974389,60.184078],[24.974504,60.184064]],[[24.974504,60.184064],[24.97458,60.184063],[24.974656,60.184066],[24.97476,60.184072],[24.974876,60.184083]],[[24.974942,60.184333],[24.974872,60.184325],[24.9748,60.184291],[24.974717,60.184271],[24.974601,60.184255],[24.974539,60.184258]],[[24.974539,60.184258],[24.97445,60.184271]],[[24.97445,60.184271],[24.974401,60.184285],[24.974305,60.184315],[24.973537,60.184573],[24.972779,60.18483],[24.972599,60.184889],[24.972393,60.184959],[24.970764,60.18551],[24.970465,60.185613],[24.970326,60.18566],[24.969834,60.185822],[24.969559,60.185914],[24.969013,60.186099],[24.968796,60.186147]],[[24.968796,60.186147],[24.968697,60.186154],[24.968608,60.18616]],[[24.968608,60.18616],[24.968463,60.186208]],[[24.968463,60.186208],[24.968323,60.186254]],[[24.968323,60.186254],[24.968101,60.186326]],[[24.968101,60.186326],[24.967961,60.186372]],[[24.967961,60.186372],[24.967712,60.18645]],[[24.967712,60.18645],[24.96761,60.186477],[24.967416,60.186504]]]}}]}